2017-07-15 00:22:01,148,2017-07-15 00:20:02,2017-07-15 00:50:00,1,사고 ,퇴계로 한양공고앞_퇴계로_진입 광희사거리_퇴계로_진출 1차로 주의운전 교통사고 -,127.008858097753,37.564566445594
2017-07-15 00:22:31,151,2017-07-15 00:13:02,2017-07-15 18:00:00,0,공사 ,율곡로 창덕궁 원남동사거리 1차로 창경궁로 지하차도 공사 도로공사 -,126.9905376,37.5773047
2017-07-15 00:43:30,345,2017-07-15 00:39:02,2017-07-15 01:09:00,1,사고 ,답십리로59길 이화빌딩 촬영소사거리 1차로 주의운전 교통사고 -,127.06694873,37.57541556
2017-07-15 01:08:00,664,2017-07-15 01:04:02,2017-07-15 01:34:00,1,사고 ,광평로60길 동부간선-밤고개로서20 수서IC3 1차로 주의운전 차량고장 -,127.106737798646,37.4875187906251
2017-07-15 02:12:30,1412,2017-07-15 02:08:02,2017-07-15 02:38:00,1,사고 ,양재대로 둔촌역 길동사거리 5차로 주의운전 차량고장 -,127.1380564,37.531779
2017-07-15 02:22:30,1527,2017-07-15 02:16:02,2017-07-15 02:46:00,1,사고 ,서원로 정한의원 미모의상실 1차로 주의운전 교통사고 -,127.1284455,35.8115548
2017-07-15 02:27:31,1585,2017-07-15 02:22:02,2017-07-15 02:52:00,1,사고 ,아차산로 토평삼거리 광진구-구리시경계(1) 1차로 주의운전 교통사고 -,127.11613995,37.56209923
2017-07-15 03:02:31,2003,2017-07-15 02:57:02,2017-07-15 03:27:00,1,사고 ,아차산로 세무서입구삼거리 교문4거리 1차로 주의운전 교통사고 -,127.13092919,37.60044082
2017-07-15 03:22:30,2217,2017-07-15 03:19:02,2017-07-15 03:49:00,1,사고 ,관악로 관악구청 서울여상 1차로 주의운전 차량고장 -,126.952622288008,37.4756023107853
2017-07-15 05:22:00,3700,2017-07-15 05:19:02,2017-07-15 05:49:00,1,사고 ,양재대로 길동사거리 둔촌동역 5차로 주의운전 차량고장 -,127.1379308,37.5323292
2017-07-15 06:36:35,4602,2017-07-15 06:34:02,2017-07-15 07:04:00,1,사고 ,연희로 내부순환로-연희로램프( 내부순환로-모래내길램 1차로 주의운전 차량고장 -,126.932746,37.5788635
2017-07-15 06:37:00,4604,2017-07-15 06:33:02,2017-07-15 17:00:00,0,공사 ,퇴계로 광희사거리_퇴계로_진입 퇴계로5가_퇴계로_진출_1 3차로 주의운전  -,127.004079,37.5636415
2017-07-15 06:46:35,4734,2017-07-15 06:44:02,2017-07-15 07:14:00,1,사고 ,덕소로 덕소IC 도곡교 1차로 주의운전 교통사고 -,127.205104947777,37.5894252787166
2017-07-15 07:11:30,5063,2017-07-15 07:05:02,2017-07-15 07:35:00,1,사고 ,봉정1길 성주IC 남김천IC 2차로 2차로 천막 낙하물, 갓길로 이동조치 후 도공통보, 감속 운행 및 추돌 주의  차량고장 -,128.2561073,35.9979949
2017-07-15 07:12:00,5067,2017-07-15 07:05:02,2017-07-15 07:35:00,1,사고 ,명지로 용인 이천방향 1차로 주의운전 교통사고 -,127.1906637,37.2256092
2017-07-15 07:12:30,5075,2017-07-15 07:05:02,2017-07-15 18:00:00,0,공사 ,경의로 일산가구단지사거리 대한카톡스앞 3차로 주의운전 시설물 -,126.759770181848,37.6952735800758
2017-07-15 07:42:00,5436,2017-07-15 07:36:02,2017-07-15 08:06:00,1,사고 ,아랫강변3길 용문네거리 수침교네거리 1차로 주의운전 교통사고 -,127.3955758,36.3372998
2017-07-15 07:47:00,5511,2017-07-15 07:44:02,2017-07-15 08:14:00,1,사고 ,화탑길 농공단지전앞2 죽동삼거리 1차로 교통사고로 1차로 통제 교통사고 -,126.7109198,34.9319779
2017-07-15 07:47:30,5516,2017-07-15 07:44:02,2017-07-15 18:00:00,0,공사 ,북문로 한중-2 북문삼거리 1차로 주의운전 도로공사 -,126.6263733,36.8988693
2017-07-15 07:48:00,5521,2017-07-15 10:00:02,2017-07-15 20:00:00,2,행사 ,집회 장소:시청 서편 인원:300명 1차로 지체  집회 서울청,126.977238220232,37.5655798215679
2017-07-15 07:48:30,5524,2017-07-15 07:40:02,2017-07-15 18:00:00,0,공사 ,인삼로 중도사거리 부자손님주유소 1차로 주의운전 도로공사 -,127.5010503,36.1024571
2017-07-15 08:02:00,5702,2017-07-15 08:00:02,2017-07-15 08:30:00,1,사고 ,동삭로 평택여고앞 동삭교차로 1차로 주의운전 교통사고 -,127.0925861,37.0149215
2017-07-15 08:02:30,5706,2017-07-15 07:59:02,2017-07-15 18:00:00,0,공사 ,월곡로 고대역 종암사거리 1차로 주의운전  -,127.036804387623,37.5927413783906
2017-07-15 08:03:00,5713,2017-07-15 07:56:02,2017-07-15 08:26:00,1,사고 ,강변북로 원효대교 마포대교 1차로 정체 주의운행 교통사고 서울청,126.943650609474,37.5349211210466
2017-07-15 08:03:30,5718,2017-07-15 07:56:02,2017-07-15 08:26:00,2,통제 ,영월로 동영월나들목 연하계곡 1차로 실로요양병원 인근 산사태위험 운행주의 자연재해 -,128.509595919943,37.184801713088
2017-07-15 08:04:01,5720,2017-07-15 07:54:02,2017-07-15 18:00:00,0,공사 ,의합대로 용덕 정곡삼거리 1차로 주의운전 도로공사 -,128.31456504,35.36924107
2017-07-15 08:10:25,20170715081009,2017-07-15 08:10:25,,0,공사,[울산선]사연교부근(6K) (갓길)침수예방 작업중  작업,129.1846,35.5615
2017-07-15 08:12:01,5840,2017-07-15 21:30:02,2017-07-15 23:00:00,2,행사 ,집회 장소:이태원광장 인원:150명, 행진:이태원광장->이태원4번출구->기업은행->새마을금고->포시즌마트->이태원광장(인도) 1차로 정체 집회 서울청,126.988104445515,37.5340738476054
2017-07-15 08:17:30,5912,2017-07-15 08:15:02,2017-07-15 08:45:00,1,사고 ,통일로 대조동사무소 동명여고 1차로 주의운전 교통사고 -,126.9257328,37.6153202
2017-07-15 08:18:00,5916,2017-07-15 08:13:02,2017-07-15 08:43:00,1,사고 ,사기막골로62번길 선테크시티2앞 유한킴벌리성남물류 2차로 후미 주의운행요망 교통사고 -,127.17212213,37.43561874
2017-07-15 08:18:30,5920,2017-07-15 08:11:02,2017-07-15 18:00:00,0,공사 ,당산로 연기삼거리 빗돌터널동측 1차로 주의운전 도로공사 -,127.2697477,36.5404346
2017-07-15 08:19:00,5922,2017-07-15 08:10:02,2017-07-15 08:40:00,1,사고 ,호국로 축성령전적비입구 금곡공원앞삼거리 1차로 후미 안전운전 요망 교통사고 -,127.099851106019,37.768692690937
2017-07-15 08:19:30,5925,2017-07-15 08:09:02,2017-07-15 18:00:00,0,공사 ,금릉로 금릉사거리 탄금대 1차로 경전철교각공사   -,127.9157024,36.9857156
2017-07-15 08:27:01,6053,2017-07-15 08:24:02,2017-07-15 08:54:00,1,사고 ,사은로 아쿠아폴리스앞 유스호스텔앞 1차로 주의운전 교통사고 -,127.117828,37.2558068
2017-07-15 08:27:30,6062,2017-07-15 08:23:02,2017-07-15 08:53:00,2,행사 ,노해로 극동방송문화센터 농협창동유통센타 1차로 주의운전 행사 -,127.052811016146,37.654091651006
2017-07-15 08:28:01,6066,2017-07-15 08:20:02,2017-07-15 18:00:00,0,공사 ,병풍산길 북충주lc 충주휴게소 2차로 주의운전 도로공사 -,127.8126421,37.0342571
2017-07-15 08:28:30,6070,2017-07-15 08:51:02,2017-07-15 08:51:00,1,사고 ,호국로 축성령전적비입구 금곡공원앞삼거리 1차로 후미 안전운전 주의요망 교통사고 -,127.10003500841,37.7690732201994
2017-07-15 08:32:30,6119,2017-07-15 08:28:02,2017-07-15 08:58:00,1,사고 ,양천로 백석초교후문 송촌스페이스향아파트 1차로 주의운전 교통사고 -,126.8724607,37.5506098
2017-07-15 08:33:00,6124,2017-07-15 08:29:02,2017-07-15 08:59:00,1,사고 ,선운중앙로67번길 호남대 경찰서 1차로 차대차 교통사고 -,126.7800997,35.1508363
2017-07-15 08:33:30,6129,2017-07-15 08:29:02,2017-07-15 08:59:00,1,사고 ,문소3길 원석촌 역전사거리 1차로 주의운전 교통사고 -,128.6944566,36.3533645
2017-07-15 08:34:00,6130,2017-07-15 08:27:02,2017-07-15 08:57:00,1,사고 ,삼양로 음성IC 대소분기점 진행방향 전체차로 주의운전 차량고장 -,127.46937667,36.95574406
2017-07-15 08:34:31,6133,2017-07-15 08:24:02,2017-07-15 08:54:00,2,기상 ,영오영청길 금호JC 칠곡물류IC 진행방향 전체차로 폭우 발생 가시거리200미터 사고주의 강우 -,128.48439486,35.92178462
2017-07-15 08:37:00,6175,2017-07-15 08:31:02,2017-07-15 09:01:00,1,사고 ,시낭로 제일C.C사거리 성포IC사거리2 1차로 주의운전 교통사고 -,126.8572562,37.3314163
2017-07-15 08:37:30,6181,2017-07-15 08:29:02,2017-07-15 08:59:00,1,사고 ,서이천로853번길 서이천IC 곤지암IC 1차로 주의운전 교통사고 -,127.378507548235,37.2908869671088
2017-07-15 08:38:00,6186,2017-07-15 08:29:02,2017-07-15 18:00:00,0,공사 ,중앙로 제1산업단지삼거리 대덕면사무소 양방향 전체차로 주의운전  -,127.2492187,37.0129375
2017-07-15 08:38:30,6189,2017-07-15 08:30:02,2017-07-15 18:00:00,0,공사 ,명암로 지방도512호선상봉재길 지방도512호선명암로 1차로 주의운전  -,127.5089761,36.637198
2017-07-15 08:42:01,6233,2017-07-15 08:40:02,2017-07-15 09:10:00,1,사고 ,고산자로58길 내부순환로-고암길램프( 내부순환로-청계천로램 3차로 주의운전 차량고장 -,127.0373712,37.5879318
2017-07-15 08:42:31,6241,2017-07-15 08:40:02,2017-07-15 18:00:00,0,공사 ,전라감영로 풍남문 전주중부경찰서 1차로 주의운전 도로공사 -,127.146704745652,35.8157344270859
2017-07-15 08:43:01,6251,2017-07-15 08:38:02,2017-07-15 09:08:00,1,사고 ,석삼말로 매화교1 안산식물원앞 1차로 주의운전  -,126.8617904,37.3119234
2017-07-15 08:43:30,6257,2017-07-15 08:36:02,2017-07-15 18:00:00,0,공사 ,한강대로 국제빌딩앞삼거리 용산역앞 1차로 주의운전 도로공사 -,126.966419304557,37.5277891612168
2017-07-15 08:44:00,6259,2017-07-15 08:35:02,2017-07-15 18:00:00,0,공사 ,양덕동2길 (양덕광장) (대림하이빌아파트앞교차로) 1차로 하수관공사로 통행불편 하수관 -,128.58983161,35.22497572
2017-07-15 08:44:30,6262,2017-07-15 08:35:02,2017-07-15 09:05:00,0,공사 ,동부간선도로 상계교 노원교 2차로 정체 주의운행 도로공사 서울청,127.050561865853,37.667323475991
2017-07-15 08:45:00,6269,2017-07-15 08:34:02,2017-07-15 18:00:00,0,공사 ,중앙로 경찰서 제1산업단지 교차로  진행방향 전체차로 주의운전  -,127.2501724,37.0123311
2017-07-15 08:47:00,6321,2017-07-15 08:42:02,2017-07-15 09:12:00,1,사고 ,대물로 음성IC 대소분기점 진행방향 전체차로 주의운전 차량고장 -,127.46731996,36.97321537
2017-07-15 08:47:30,6329,2017-07-15 08:00:02,2017-07-15 18:00:00,0,공사 ,함양로 함양1교 함양3교 1차로 주의운전 도로공사 -,127.72525452,35.51662974
2017-07-15 08:48:00,6333,2017-07-15 08:41:02,2017-07-15 18:00:00,0,공사 ,이촌로34길 강변북로-한강로램프(1) 강변북로-대건로램프(3) 1차로 주의운전 도로공사 -,126.959391210725,37.5224712814482
2017-07-15 08:48:30,6337,2017-07-15 08:40:02,2017-07-15 18:00:00,0,공사 ,구미대로 신평시장방면 신평네거리 2차로 주의운전 도로공사 -,128.362686925217,36.1216991941437
2017-07-15 08:52:00,6401,2017-07-15 08:50:02,2017-07-15 09:20:00,1,사고 ,중앙로 함평휴게소 영광IC(남측) 1차로 주의운전 교통사고 -,126.5125357,35.2674694
2017-07-15 08:52:30,6405,2017-07-15 08:49:02,2017-07-15 18:00:00,0,공사 ,장기로74번길 옥천교 구 창전파출소 양방향 전체차로 주의운전 도로공사 -,127.2707826,37.0020876
2017-07-15 08:53:00,6412,2017-07-15 08:48:02,2017-07-15 18:00:00,0,공사 ,봉계1길 동초교 봉황장례식장 1차로 가스배관공사  -,127.2850029,34.6008991
2017-07-15 08:53:31,6415,2017-07-15 08:47:02,2017-07-15 18:00:00,0,공사 ,성천로 대구축산농협육가공공장 유천교1 1차로 주의운전 도로공사 -,128.5031512,35.8112905
2017-07-15 08:54:01,6418,2017-07-15 08:47:02,2017-07-15 18:00:00,0,공사 ,삼호로 (삼성버킹궁앞교차로) 어린교 1차로 주의운전 도로공사 -,128.58738238,35.22083363
2017-07-15 08:54:30,6421,2017-07-15 08:46:02,2017-07-15 09:16:00,1,사고 ,이촌로 원효대교(북단) 원효대교진출입고가차 1차로 주의운전 교통사고 -,126.954395242146,37.5299932971856
2017-07-15 08:57:00,6470,2017-07-15 08:50:02,2017-07-15 09:20:00,1,사고 ,진삼로 죽림삼거리3 송포사거리 1차로 주의운전 교통사고 -,128.061730281962,34.9692791482578
2017-07-15 09:03:00,6552,2017-07-15 09:00:02,2017-07-15 09:30:00,1,사고 ,적례길 송포사거리 덕곡마을앞2 1차로 주의운전 교통사고 -,128.055308026481,34.9887307836857
2017-07-15 09:03:30,6556,2017-07-15 08:59:02,2017-07-15 09:29:00,2,행사 ,중앙로 평택소방서앞 평택문화회관앞 1차로 주의운전 행사 -,127.1140266,36.9902798
2017-07-15 09:04:00,6558,2017-07-15 08:57:02,2017-07-15 18:00:00,0,공사 ,흥양길 고흥남중학교 고흥여중학교 1차로 가스배관공사 1차로 통제 도로공사 -,127.2881684,34.6097963
2017-07-15 09:04:30,6561,2017-07-15 08:56:02,2017-07-15 12:00:00,0,공사 ,백제고분로 삼전사거리 아시아삼거리 3차로 도로아스팔트보수공사 도로공사 -,127.0857565,37.5050541
2017-07-15 09:07:30,6600,2017-07-15 09:04:02,2017-07-15 09:34:00,1,사고 ,삼천포대교로 송포사거리 덕곡마을앞2 1차로 주의운전 교통사고 -,128.06121504161,34.9705267990175
2017-07-15 09:08:00,6606,2017-07-15 09:03:02,2017-07-15 09:33:00,1,사고 ,종암로 성북소방서 종암2치안센터 1차로 주의운전 차량고장 -,127.0327105461,37.6015005737808
2017-07-15 09:08:30,6611,2017-07-15 09:03:02,2017-07-15 18:00:00,0,공사 ,송현길 무동리마을회관 범서삼거리 1차로 주의운전  -,129.231035257531,35.5697554983412
2017-07-15 09:09:00,6614,2017-07-15 09:02:02,2017-07-15 18:00:00,0,공사 ,강남대로 cgv 강남점 교보타워사거리 4차로 CCTV점검공사 시설물 -,127.025681195914,37.5014465281955
2017-07-15 09:09:30,6623,2017-07-15 09:00:02,2017-07-15 18:00:00,0,공사 ,망우로 백합빌딩 동원빌딩 3차로 주의운전  -,127.055788,37.5879937
2017-07-15 09:10:00,6630,2017-07-15 09:01:02,2017-07-15 18:00:00,0,공사 ,월명로 외당사거리 수송동동영아파트102단지앞 1차로 주의운전 도로공사 -,126.7153764,35.955381
2017-07-15 09:10:30,6632,2017-07-15 09:00:02,2017-07-15 18:00:00,0,공사 ,혜산로 금산회전로터리 서인사거리 양방향 전체차로 주의운전 하수관 -,127.27062,37.0112323
2017-07-15 09:22:30,6788,2017-07-15 09:17:02,2017-07-15 09:47:00,1,사고 ,매소홀로 농산물시장입구 전재울사거리 1차로 주의운전 교통사고 -,126.706058075513,37.438884134233
2017-07-15 09:23:00,6791,2017-07-15 09:16:02,2017-07-15 09:46:00,1,사고 ,환경로 김천IC 동김천IC 1차로 주의운전 차량고장 -,128.132673462211,36.126253784955
2017-07-15 09:23:30,6795,2017-07-15 09:15:02,2017-07-15 18:00:00,0,공사 ,동삭로 평택여고앞 동삭교차로 2차로 주의운전 시설물 -,127.0968187,37.0203108
2017-07-15 09:27:01,6843,2017-07-15 09:25:02,2017-07-15 09:55:00,1,사고 ,선화로 선화공원네거리 호수돈여자중,고 1차로 주의운전 교통사고 -,127.4166137,36.32897368
2017-07-15 09:27:31,6847,2017-07-15 09:24:02,2017-07-15 09:54:00,2,통제 ,무등로 신안밧데리 신문교종점 1차로 주의운전 공사 -,126.896388029795,35.1674693815842
2017-07-15 09:28:01,6858,2017-07-15 09:23:02,2017-07-15 13:00:00,0,공사 ,충장로 동부경찰서 전일빌딩 1차로 동부서에서 전일빌딩방향 일방로에 대형크레인 이용하여 고층빌딩 세척작업 시설물 -,126.91558815,35.14822233
2017-07-15 09:28:31,6863,2017-07-15 09:23:02,2017-07-15 18:00:00,0,공사 ,발이봉남로4번길 푸른마을삼거리 동국대한방병원 3차로 주의운전 시설물 -,127.1248018,37.3650795
2017-07-15 09:29:00,6866,2017-07-15 09:22:02,2017-07-15 13:00:00,0,공사 ,백제고분로 방이사거리 석촌역 1,2차로 지하철공사로 약간정체 시설물 -,127.111796,37.5100514
2017-07-15 09:29:30,6869,2017-07-15 09:22:02,2017-07-15 09:52:00,1,사고 ,청능대로718번길 소래초교 풍림아파트단지앞삼거리 1차로 주의운전 차량고장 -,126.7391117,37.4065918
2017-07-15 09:30:00,6871,2017-07-15 07:00:02,2017-07-15 18:00:00,0,공사 ,임진로 월평삼거리 평지삼거리 1차로 도시가스배관공사 지체우려   -,127.32112554,35.62508089
2017-07-15 09:30:31,6873,2017-07-15 09:20:02,2017-07-15 09:50:00,1,사고 ,추천로 서곡사거리 팔복남양아파트(동측) 1차로 주의운전  -,127.101528077774,35.8424948684148
2017-07-15 09:32:30,6917,2017-07-15 09:26:02,2017-07-15 09:56:00,1,사고 ,사임당로 남부터미널 서울교대 1차로 주의운전 교통사고 -,127.01433147,37.48819877
2017-07-15 09:33:00,6921,2017-07-15 09:25:02,2017-07-15 18:00:00,0,공사 ,신재로 가흥1교앞 가흥삼거리 양방향 전체차로 우회도로개설공사중 사고위험 서행  -,128.600566220004,36.8310597541159
2017-07-15 09:33:30,6925,2017-07-15 09:25:02,2017-07-15 18:00:00,0,공사 ,청수14로 천안세무서 한양수자인아파트앞사거리 1차로 주의운전 도로공사 -,127.1534962,36.7848576
2017-07-15 09:34:00,6928,2017-07-15 09:24:02,2017-07-15 18:00:00,0,공사 ,디지털로 지하차도(남측)7 서울-광명경계21 1차로 주의운전 시설물 -,126.87492623,37.47665418
2017-07-15 09:37:00,6982,2017-07-15 09:34:02,2017-07-15 18:00:00,0,공사 ,금화로 보물섬포장마차 청해원 1차로 주의운전  -,126.8867908,35.1414106
2017-07-15 09:37:30,6989,2017-07-15 09:34:02,2017-07-15 18:00:00,0,공사 ,부평대로 시장역오거리 부평중앙치안센타사거리 1차로 주의운전 도로공사 -,126.722426186823,37.4983929155038
2017-07-15 09:38:00,6995,2017-07-15 09:33:02,2017-07-15 18:00:00,0,공사 ,비지니스로 연희지하차도입구 연희지하차도 2차로 2차로중2차로상도로공사로 통행지장없음 도로공사 -,126.6260722,37.5244889
2017-07-15 09:38:30,6999,2017-07-15 09:33:02,2017-07-15 18:00:00,0,공사 ,남성길1번길 우복IC/JC 우복IC 램프 2차로 주의운전  -,129.349531227468,35.9675666095151
2017-07-15 09:40:00,8,2017-07-15 09:32:02,2017-07-15 18:00:00,0,공사 ,해운대로61번길 재송삼익아파트 문내과의원 1차로 주의운전 도로공사 -,129.123305456303,35.1928840926023
2017-07-15 09:40:32,13,2017-07-15 09:31:02,2017-07-15 10:01:00,1,사고 ,성서공단로 호림네거리 동아일보네거리 1,2차로 주의운전 교통사고 -,128.4979576,35.8352412
2017-07-15 09:41:00,20,2017-07-15 09:31:02,2017-07-15 10:01:00,1,사고 ,다운로 다운동아아파트앞 차밭다리 2차로 주의운전  -,129.2669005,35.5681087
2017-07-15 09:42:00,59,2017-07-15 09:38:02,2017-07-15 18:00:00,0,공사 ,시민로 역전교차로 흥선지하차도 1차로 주의운전 도로공사 -,127.0474996,37.7390821
2017-07-15 09:42:30,61,2017-07-15 09:38:02,2017-07-15 10:08:00,1,사고 ,천호대로 풍납1동사무소 풍납토성앞 1차로 주의운전 차량고장 -,127.122107891429,37.5393706687129
2017-07-15 09:43:01,67,2017-07-15 09:37:02,2017-07-15 10:07:00,1,사고 ,노량진로 올림픽대로-노들길램프( 올림픽대로-현충로램프( 4차로 주의운전 차량고장 -,126.9547263,37.5126349
2017-07-15 09:43:31,73,2017-07-15 09:37:02,2017-07-15 18:00:00,0,공사 ,학정로48길 함지고삼거리방향 협성휴포레 4차로 주의운전  -,128.559230978553,35.927593037703
2017-07-15 09:44:01,77,2017-07-15 09:37:02,2017-07-15 10:07:00,1,사고 ,종암로 효성특수유리 영희피아노학원 1차로 주의운전 교통사고 -,127.0339535,37.6003636
2017-07-15 09:44:31,80,2017-07-15 09:36:02,2017-07-15 18:00:00,0,공사 ,화랑로 담터사거리 화랑대역 1,2차로 주의운전 도로공사 -,127.1100451,37.639461
2017-07-15 09:45:01,82,2017-07-15 09:34:02,2017-07-15 10:04:00,1,사고 ,가르뱅이로9길 서대구IC 이현공단방향 내리는우회로 1차로 주의운전 교통사고 -,128.530953764373,35.8782398043797
2017-07-15 09:45:31,84,2017-07-15 09:34:02,2017-07-15 18:00:00,0,공사 ,거창대로 대동약국 중앙치과 양방향 전체차로 회전교차로 설치공사로 중앙사거리 내 통제, 통행차량 임시회전교차로로 우회당부  -,127.9159044,35.6880778
2017-07-15 09:47:00,122,2017-07-15 09:41:02,2017-07-15 18:00:00,0,공사 ,철산로 철산역앞삼거리 경찰서삼거리 1차로 주의운전 도로공사 -,126.86688214,37.47550003
2017-07-15 09:47:30,128,2017-07-15 09:40:02,2017-07-15 18:00:00,0,공사 ,태암로18길 함지고삼거리방향 협성휴포레 3차로 주의운전  -,128.55552070493,35.925221997886
2017-07-15 09:48:00,134,2017-07-15 09:40:02,2017-07-15 10:10:00,1,사고 ,송촌길 엄다농협전앞 무안IC진입 1차로 주의운전  -,126.5042135,35.0084064
2017-07-15 09:48:30,138,2017-07-15 09:40:02,2017-07-15 18:00:00,0,공사 ,금송로 청통네거리 계포교회앞교차로 1차로 주의운전 도로공사 -,128.81993427,35.99635152
2017-07-15 09:52:00,183,2017-07-15 09:05:02,2017-07-15 09:35:00,1,사고 ,동작대로 이수고가차도(남측) 경문고교 1차로 주의운전 교통사고 -,126.9824862,37.4936414
2017-07-15 09:52:30,188,2017-07-15 09:47:02,2017-07-15 18:00:00,0,공사 ,성주로 수협4 한밭자동차앞 1차로 주의운전  -,126.7736966,37.47895049
2017-07-15 09:53:02,6,2017-07-15 09:47:02,2017-07-15 10:17:00,1,사고 ,문평동로 대덕중앙급식센터동측 3.4공단네거리 3차로 주의운전 차량고장 -,127.4043603,36.4454114
2017-07-15 09:53:30,11,2017-07-15 09:46:02,2017-07-15 18:00:00,0,공사 ,고내5길 산초식당 본동 1차로 주의운전 도로공사 -,126.3367733,33.4614757
2017-07-15 09:54:00,14,2017-07-15 09:45:02,2017-07-15 18:00:00,0,공사 ,양정로 알천남로앞교차로 알천남로_5 1차로 정체없음 하수관 -,129.2205107,35.845451
2017-07-15 09:54:30,18,2017-07-15 09:46:02,2017-07-15 18:00:00,0,공사 ,일주서로 일호유리 하귀입구 1차로 주의운전 도로공사 -,126.411474621454,33.485018363397
2017-07-15 09:55:00,22,2017-07-15 09:44:02,2017-07-15 18:00:00,0,공사 ,서부로 고색사거리 산업단지사거리 2차로 2차선 보차도공사 서행 및 안전운행 도로공사 -,126.9767943,37.2489086
2017-07-15 09:57:00,66,2017-07-15 09:54:02,2017-07-15 10:24:00,1,사고 ,성산로 금산 성산IC삼거리 1차로 타이어 파스차 갓길 주차, 후방 100m뒤 교통관리, 감속 운행 및 추돌 주의  차량고장 -,128.3658916,35.7510824
2017-07-15 09:57:30,69,2017-07-15 09:54:02,2017-07-15 18:00:00,0,공사 ,길주로 백마장사거리 산곡사거리 1차로 주의운전 도로공사 -,126.708299543416,37.5082806420014
2017-07-15 09:58:00,74,2017-07-15 09:54:02,2017-07-15 18:00:00,0,공사 ,경인로 한밭자동차앞 심곡고가사거리 1차로 주의운전 도로공사 -,126.7760035,37.48360772
2017-07-15 09:58:30,79,2017-07-15 09:53:02,2017-07-15 18:00:00,0,공사 ,장충단로 광희사거리_퇴계로_진출 광희사거리_홍인문로_진 1차로 주의운전  -,127.00755247,37.56480251
2017-07-15 09:59:00,82,2017-07-15 09:53:02,2017-07-15 10:23:00,1,사고 ,진산대로 모산사거리 수산대교남단 1차로 갓길 안전조치 차량고장 -,128.710963065245,35.3596740204601
2017-07-15 09:59:30,86,2017-07-15 09:53:02,2017-07-15 18:00:00,0,공사 ,옥포로 대신정공(주)입구 김흥은혜교회입구 1차로 주의운전  -,128.4897557,35.7476715
2017-07-15 10:00:00,89,2017-07-15 09:52:02,2017-07-15 18:00:00,0,공사 ,상도로 강남상가아파트 숭실대입구역 1차로 주의운전  -,126.95374093,37.49633189
2017-07-15 10:00:31,93,2017-07-15 09:52:02,2017-07-15 18:00:00,0,공사 ,경명대로 작전역사 경인교대역사 1차로 주의운전 도로공사 -,126.72613251517,37.5434807732867
2017-07-15 10:01:00,101,2017-07-15 09:52:02,2017-07-15 10:21:00,1,사고 ,대남대로 백운교차로 건강협회방면  운진각사거리 2차로 주의운전 교통사고 -,126.8912027,35.1447957
2017-07-15 10:01:30,129,2017-07-15 09:51:02,2017-07-15 18:00:00,0,공사 ,태전로13길 한일아？드 두성타운 1차로 주의운전  -,128.541621903784,35.9210768208301
2017-07-15 10:02:00,134,2017-07-15 09:58:02,2017-07-15 10:28:00,1,사고 ,두류공원로 두류공원네거리 도촌삼거리2 1차로 주의운전 교통사고 -,128.5698621,35.8437653
2017-07-15 10:02:30,136,2017-07-15 09:57:02,2017-07-15 10:27:00,2,통제 ,월성산길 오성버스정류소앞 고성사거리 1차로 통제  -,126.9237236,35.294773
2017-07-15 10:03:00,142,2017-07-15 09:57:02,2017-07-15 18:00:00,0,공사 ,효자로 북삼 효가사거리 1차로 보도 교체 작업으로 3차로 부분 통제 중   -,129.10749804,37.49226451
2017-07-15 10:03:30,147,2017-07-15 09:57:02,2017-07-15 18:00:00,0,공사 ,경산로 이마트 옥산동 2차로 주의운전 도로공사 -,128.7222025,35.8300284
2017-07-15 10:04:00,151,2017-07-15 09:57:02,2017-07-15 18:00:00,0,공사 ,하귀26길 해안카센터앞 귀일주유소 1차로 주의운전 도로공사 -,126.394554874055,33.4793308890851
2017-07-15 10:04:30,154,2017-07-15 09:56:02,2017-07-15 18:00:00,0,공사 ,까치고개로229번길 토성동역사거리 아동청소년회관 1차로 토성역 사거리 전선보수 공사로 인하여 보행자 도로 통행 중 후방통행주의   -,129.019604843672,35.1000235716959
2017-07-15 10:05:00,156,2017-07-15 09:55:02,2017-07-15 18:00:00,0,공사 ,덕영대로 신동삼거리 망포역삼거리 2차로 주의운전 시설물 -,127.051507366341,37.2453187988607
2017-07-15 10:07:00,195,2017-07-15 10:03:02,2017-07-15 18:00:00,0,공사 ,동서대로1440번길 이웅고시학원 대동2교동단 1차로 주의운전 도로공사 -,127.41529455,36.33600087
2017-07-15 10:07:30,199,2017-07-15 10:02:02,2017-07-15 18:00:00,0,공사 ,여의동로3길 대한지적공사앞 알라딘세차장 1차로 주의운전 도로공사 -,126.9270557,37.5187333
2017-07-15 10:08:00,208,2017-07-15 10:00:02,2017-07-15 18:00:00,0,공사 ,동해대로 양양삼거리 송암리BS앞횡단보도 진행방향 전체차로 주의운전  -,128.627441506724,38.0795479965651
2017-07-15 10:08:30,213,2017-07-15 10:00:02,2017-07-15 18:00:00,0,공사 ,구덕로 충무초등학교입구 충무교차로 1차로 구덕로 109 앞 건물공사관련으로 공사 진행중 후방통행주의   -,129.024121082826,35.0963479098593
2017-07-15 10:09:01,217,2017-07-15 10:00:02,2017-07-15 13:00:00,0,공사 ,서석로 장동로타리  한미4거리 2차로 맨홀공사   -,126.9213229,35.1497565
2017-07-15 10:09:31,220,2017-07-15 10:01:02,2017-07-15 18:00:00,0,공사 ,충렬대로 충렬교 동래교차로 1차로 주의운전 도로공사 -,129.079062988577,35.2040519963509
2017-07-15 10:10:00,227,2017-07-15 10:00:02,2017-07-15 18:00:00,0,공사 ,만덕대로27번길 덕천교차로 숙동교차로 1차로 보행자 개선사업 차량통제중 주의운행   -,129.0078726,35.2113567
2017-07-15 10:10:30,229,2017-07-15 10:00:02,2017-07-15 18:00:00,0,공사 ,삼성현로 옥산동 대구 1,2차로 주의운전 도로공사 -,128.7144072,35.8253338
2017-07-15 10:12:30,261,2017-07-15 10:10:02,2017-07-15 10:40:00,1,사고 ,용마산로 겸재사거리 신성모약국 1차로 주의운전 교통사고 -,127.0969025,37.5894531
2017-07-15 10:13:00,267,2017-07-15 10:10:02,2017-07-15 18:00:00,0,공사 ,경서대로 하동1 섬진1 1차로 도시가스공사로 후미 10미터 지정체 도로공사 -,127.7512034,35.0695203
2017-07-15 10:13:30,272,2017-07-15 10:09:02,2017-07-15 18:00:00,0,공사 ,춘향로 용정동 서남대 1차로 주의운전 도로공사 -,127.383293156761,35.4284768324817
2017-07-15 10:14:01,275,2017-07-15 10:09:02,2017-07-15 10:39:00,2,행사 ,을지로 서울시청 프라자호텔 진행방향 전체차로 주의운전 집회 -,126.978607177734,37.5656890869141
2017-07-15 10:14:31,280,2017-07-15 10:09:02,2017-07-15 18:00:00,0,공사 ,기찰로 IBK기업은행앞사거리 성진주유소앞 1차로 건물공사로 인하여 안전지대설치 차량통과시 주의  -,129.0087485,35.2121712
2017-07-15 10:15:01,290,2017-07-15 10:12:02,2017-07-15 10:42:00,1,사고 ,수정남로289번길 산성역사거리 삼정빌딩 1차로 주의운전 차량고장 -,127.1508167,37.4544996
2017-07-15 10:15:31,293,2017-07-15 10:09:02,2017-07-15 10:39:00,1,사고 ,영양창수로 영양여자고등학교1 영양농협농용자재백화점 1차로 주의운전 교통사고 -,129.1275373,36.6602551
2017-07-15 10:16:01,303,2017-07-15 10:08:02,2017-07-15 18:00:00,0,공사 ,경인로 소사구청삼거리 성심고가사거리 1차로 주의운전  -,126.79963644,37.48218263
2017-07-15 10:16:31,330,2017-07-15 10:08:02,2017-07-15 18:00:00,0,공사 ,천호대로 광장사거리 삼정물산 4차로 주의운전 도로공사 -,127.102084454891,37.5457419001995
2017-07-15 10:17:01,333,2017-07-15 10:07:02,2017-07-15 18:00:00,0,공사 ,센텀중앙로 월륜교차로 좌수영교 1차로 주의운전 도로공사 -,129.120915605447,35.1789100094691
2017-07-15 10:17:30,336,2017-07-15 10:15:02,2017-07-15 18:00:00,0,공사 ,천안천7길 포토베이스 성정지하차도 1차로 주의운전 도로공사 -,127.149142,36.8158225
2017-07-15 10:18:00,4,2017-07-15 10:14:02,2017-07-15 18:00:00,0,공사 ,서독로 성채터널(동측) 성채터널(서측) 1차로 주의운전 도로공사 -,126.87774191,37.41557941
2017-07-15 10:18:30,3,2017-07-15 10:12:02,2017-07-15 10:42:00,1,사고 ,내부순환로 국민대입구 정릉터널 1차로 (승용차) 고장 차량 서울청,126.995837732179,37.6098572194568
2017-07-15 10:19:00,6,2017-07-15 10:14:02,2017-07-15 10:44:00,1,사고 ,서소문로 제일화재해상보험(주) 중앙일보사 3차로 주의운전 교통사고 -,126.975860595703,37.5636291503906
2017-07-15 10:19:30,10,2017-07-15 10:13:02,2017-07-15 18:00:00,0,공사 ,마석로 마석역남쪽 화도새마을금고앞 1차로 주의운전 시설물 -,127.3066884,37.6533051
2017-07-15 10:20:00,17,2017-07-15 10:13:02,2017-07-15 11:00:00,0,공사 ,관문로 도서관삼거리 소방서삼거리 1차로 주의운전 하수관 -,126.993858134492,37.4308032263419
2017-07-15 10:20:30,19,2017-07-15 10:13:02,2017-07-15 18:00:00,0,공사 ,시흥대로 천주교시흥동성당 기아대교앞 1차로 주의운전  -,126.9031557,37.439011
2017-07-15 10:21:00,28,2017-07-15 10:11:02,2017-07-15 10:41:00,1,사고 ,은행영사정로 자유로IC 김포IC북측(본선) 1차로 한강로에서 신곡교차로방향 차량펑크로인한 서행  차량고장 -,126.7847632,37.6055014
2017-07-15 10:21:30,51,2017-07-15 10:12:02,2017-07-15 18:00:00,0,공사 ,APEC로 대우트럼프월드센텀2 올림픽교차로 1차로 주의운전 도로공사 -,129.137316282262,35.1679567720718
2017-07-15 10:22:00,55,2017-07-15 10:19:02,2017-07-15 10:49:00,1,사고 ,양을로171번길 목포시청 동초교 2차로 차량고장으로 후미100가량 정체 차량고장 -,126.388299096321,34.8107429339232
2017-07-15 10:22:31,59,2017-07-15 10:19:02,2017-07-15 18:00:00,0,공사 ,중앙로 영강충전소 미래주유소 1차로 공사차량 진출입으로 사고위험 도로공사 -,128.2147095,36.6128054
2017-07-15 10:23:31,69,2017-07-15 10:20:02,2017-07-15 18:00:00,0,공사 ,경춘로288번길 원일아파트앞교차로 남양아이종은집앞교차로 1차로 주의운전  -,127.1485872,37.6020214
2017-07-15 10:24:01,73,2017-07-15 10:19:02,2017-07-15 18:00:00,0,공사 ,해남로 신죽리전앞 신흥교전앞 1차로 주의운전 도로공사 -,126.640488569141,34.6218245925901
2017-07-15 10:24:31,75,2017-07-15 10:19:02,2017-07-15 18:00:00,0,공사 ,백양대로 진양삼거리 당감삼거리 1차로 고가도로 하위부분 보수작업중으로 후방차량 진입시 주의요망 시설물 -,129.045099523907,35.1628923335682
2017-07-15 10:25:01,77,2017-07-15 10:19:02,2017-07-15 18:00:00,0,공사 ,명륜로 모두투어여행사 세원마트앞 1차로 주의운전 시설물 -,129.3089992,35.554024
2017-07-15 10:25:30,79,2017-07-15 10:13:02,2017-07-15 12:00:00,0,공사 ,중구로169번길 중구청삼거리 부산터널삼거리 차로 빌라건축 레미콘 작업  -,129.03514474,35.1096827
2017-07-15 10:26:00,88,2017-07-15 10:14:02,2017-07-15 10:44:00,2,기상 ,내기2길 내기삼거리 매성교 양방향 전체차로 강우로 인해 전방가시거리 불랴므로 서행 유도 강우 -,126.784308156949,35.0388748699159
2017-07-15 10:27:30,124,2017-07-15 10:25:02,2017-07-15 10:55:00,1,사고 ,신평들길 삼성당마을앞사거리 백석교 1차로 주의운전 교통사고 -,126.799390732902,37.6256651542546
2017-07-15 10:28:00,134,2017-07-15 10:24:02,2017-07-15 10:54:00,1,사고 ,평화로 소요산사거리앞 한일앞1 1,2차로 50여미터지체 교통사고 -,127.06261589,37.95661132
2017-07-15 10:28:31,138,2017-07-15 10:24:02,2017-07-15 18:00:00,0,공사 ,강동대로 동북고 둔촌사거리  4,5차로 주의운전  -,127.1387578,37.5191744
2017-07-15 10:29:00,144,2017-07-15 10:24:02,2017-07-15 18:00:00,0,공사 ,반송로 반송초교앞교차로 반송사거리 2차로 주의운전 도로공사 -,128.667063,35.2385757
2017-07-15 10:29:31,147,2017-07-15 10:22:02,2017-07-15 10:52:00,1,사고 ,올림픽대로 동작대교 반포대교 4차로 지체 교통사고 서울청,126.989966630509,37.5061367110195
2017-07-15 10:30:00,151,2017-07-15 10:24:02,2017-07-15 18:00:00,0,공사 ,장산로 올림픽교차로 삼진그린아파트 1차로 주의운전 도로공사 -,129.14024918834,35.1705647598711
2017-07-15 10:30:30,153,2017-07-15 10:23:02,2017-07-15 10:53:00,1,사고 ,시청로 기산아파트 경찰서 1차로 주의운전 교통사고 -,126.8346895,37.1945313
2017-07-15 10:31:00,162,2017-07-15 10:22:02,2017-07-15 15:00:00,0,공사 ,갈마중로37번길 동신맨션아파트앞 길마지하차도북측 진행방향 전체차로 후미정체예상   -,127.3735417,36.3476728
2017-07-15 10:31:30,185,2017-07-15 10:22:02,2017-07-15 12:00:00,2,통제 ,대학로76번안길 유성온천 충남대정문오거리 1차로 건물관련공사 공사 -,127.345218211384,36.3607084006312
2017-07-15 10:32:00,188,2017-07-15 10:30:02,2017-07-15 11:00:00,1,사고 ,동남로 방아삼거리 오륜사거리 3차로 주의운전 교통사고 -,127.1424427,37.5152321
2017-07-15 10:32:31,192,2017-07-15 10:30:02,2017-07-15 18:00:00,0,공사 ,경강로 장평교삼거리 재산 1차로 주의운전 도로공사 -,128.413798958654,37.5834504722823
2017-07-15 10:33:01,195,2017-07-15 10:29:02,2017-07-15 18:00:00,0,공사 ,북평강변로 북평리1 나전삼거리 1차로 우려\걱정\가드레일 보수공사 시설물 -,128.65634884717,37.4463053638663
2017-07-15 10:33:31,199,2017-07-15 10:29:02,2017-07-15 18:00:00,0,공사 ,원문로 광터사거리 대안천교북측 1차로 주의운전 도로공사 -,127.88091193,37.34001147
2017-07-15 10:42:00,321,2017-07-15 10:40:02,2017-07-15 11:10:00,1,사고 ,안덕원로 대성건재약업사 학생회관사거리 1차로 주의운전 교통사고 -,127.136101848942,35.8280430795795
2017-07-15 10:42:31,323,2017-07-15 10:39:02,2017-07-15 18:00:00,0,공사 ,봉황로 공주세무서 공주중 2차로 주의운전 시설물 -,127.1210218,36.4607737
2017-07-15 10:43:01,329,2017-07-15 10:38:02,2017-07-15 18:00:00,0,공사 ,평동로 삼호냉동기계앞교차로 (오산로신용길) 2차로 차단으로 서행  -,126.934624808209,35.9354714538783
2017-07-15 10:43:31,334,2017-07-15 10:38:02,2017-07-15 18:00:00,0,공사 ,상당로14번길 무심동로 공영주차장 1차로 주의운전  -,127.491555868762,36.6295040130926
2017-07-15 10:44:00,336,2017-07-15 10:36:02,2017-07-15 18:00:00,0,공사 ,가락대로900번가길 부산경남경마공원 새산삼거리 1차로 주의운전 도로공사 -,128.8809736,35.1517414
2017-07-15 10:44:30,339,2017-07-15 10:35:02,2017-07-15 11:05:00,1,사고 ,금포로451번길 부천에서 김포ic 1차로 화물차 시멘트 낙하로 인한 사고 갓길로 이동후 후미으ㅏㄴ호  -,126.769632938943,37.6137053416283
2017-07-15 10:45:01,341,2017-07-15 10:36:02,2017-07-15 18:00:00,0,공사 ,전주천서로 도토리골교(남측) 어은교(서측) 1차로 주의운전 도로공사 -,127.130998592581,35.8246548756319
2017-07-15 10:45:31,343,2017-07-15 10:35:02,2017-07-15 18:00:00,0,공사 ,계룡로 거제시청 고현동 종합운동장 1차로 후미 300m 일시정체  -,128.622282766198,34.8805802636213
2017-07-15 10:47:01,381,2017-07-15 10:45:02,2017-07-15 11:15:00,1,사고 ,수인로 도리JC 조남JV 4차로 주의운전 차량고장 -,126.83697,37.4056695
2017-07-15 10:47:31,388,2017-07-15 10:44:02,2017-07-15 18:00:00,0,공사 ,정중앙로 황강-송우리 쪽 용화삼거리 방향 46번 국도상 교량설치 공사중 1차로 주의운전  -,128.0291656,38.1048314
2017-07-15 10:48:01,394,2017-07-15 10:45:02,2017-07-15 11:15:00,1,사고 ,서부로 진례IC 냉정JC 1차로 주의운전 차량고장 -,128.7703934,35.2292727
2017-07-15 10:48:31,397,2017-07-15 10:45:02,2017-07-15 18:00:00,0,공사 ,양산대로 일동미라주아파트입구 남양산IC입구 1차로 주의운전 도로공사 -,129.0302028,35.3225074
2017-07-15 10:49:01,400,2017-07-15 10:45:02,2017-07-15 18:00:00,0,공사 ,천동길 도돈교 천동교 1차로 주의운전 도로공사 -,128.370208845869,37.3352225111948
2017-07-15 10:49:31,402,2017-07-15 10:42:02,2017-07-15 18:00:00,0,공사 ,평산로 39사사거리 벽산불르밍아파트104동앞 1차로 후미 40미터정체  -,128.623329715355,35.2560227915332
2017-07-15 10:50:01,409,2017-07-15 10:41:02,2017-07-15 11:11:00,1,사고 ,고현로13길 터미널 서문삼거리 1차로 후미서행중 교통사고 -,128.625183105469,34.8905181884766
2017-07-15 10:50:31,411,2017-07-15 10:42:02,2017-07-15 18:00:00,0,공사 ,학곤로 송학초동측 송학동교회앞 1차로 서행 시설물 -,126.942033346136,35.9366524494108
2017-07-15 10:52:01,451,2017-07-15 10:49:02,2017-07-15 11:19:00,1,사고 ,계백로 불티구름다리 정림삼거리 1,2차로 후미 주의 교통사고 승용차관련 추돌,127.364515426608,36.3076951688552
2017-07-15 10:52:31,456,2017-07-15 10:50:02,2017-07-15 11:20:00,1,사고 ,계족로 성남네거리 용전네거리 1차로 주의운전 교통사고 -,127.434193667572,36.3436180389429
2017-07-15 10:53:31,466,2017-07-15 10:49:02,2017-07-15 11:19:00,1,사고 ,대청계곡길 대청 율하 1차로 사고로 인한 부분정체  -,128.7781386,35.1834995
2017-07-15 10:54:01,470,2017-07-15 10:49:02,2017-07-15 18:00:00,0,공사 ,무실로 두레종합피아노 붙박이주방가구 1차로 주의운전 도로공사 -,127.935070417637,37.3366038363922
2017-07-15 10:54:31,473,2017-07-15 10:48:02,2017-07-15 14:00:00,0,공사 ,아암대로 외암도사거리 송도1교1 1차로 주의운전 도로공사 -,126.66875082,37.39469386
2017-07-15 10:55:01,476,2017-07-15 10:48:02,2017-07-15 18:00:00,0,공사 ,마장로 신원주유소 마장역 3차로 주의운전 도로공사 -,127.0430005,37.5661609
2017-07-15 10:55:31,482,2017-07-15 10:47:02,2017-07-15 11:17:00,1,사고 ,무금로 금산IC 무주IC 2차로 주의운전 차량고장 -,127.58600751,36.0060547
2017-07-15 10:56:01,491,2017-07-15 10:47:02,2017-07-15 11:17:00,1,사고 ,헌릉로 위례광장로앞 교차로 위례순환로앞 교차로 2차로 주의운전 차량고장 -,127.1437198,37.4707417
2017-07-15 10:56:34,529,2017-07-15 10:47:02,2017-07-15 11:17:00,1,사고 ,성산로22길 창천오피스텔 연세대 1차로 주의운전 차량고장 -,126.934241431904,37.5603653809128
2017-07-15 10:57:00,533,2017-07-15 10:53:02,2017-07-15 11:23:00,1,사고 ,증산로 증산지하차도 內 난지IC 2차로 지체 교통사고 서울청,126.903401413647,37.5781353537354
2017-07-15 10:57:31,538,2017-07-15 10:54:02,2017-07-15 11:24:00,1,사고 ,길주로 상동지하차도 삼산체육관 2차로 주의운전요망 교통사고 -,126.746459,37.5065622
2017-07-15 10:58:01,541,2017-07-15 10:54:02,2017-07-15 18:00:00,0,공사 ,여의대방로 대림아파트 대방동사랑의가족공원 1차로 주의운전  -,126.92390622,37.50884097
2017-07-15 10:58:30,547,2017-07-15 10:54:02,2017-07-15 18:00:00,0,공사 ,성북로 성북교 도청교  하단도로 1차로 주의운전  -,128.59213432,35.89242383
2017-07-15 10:59:00,550,2017-07-15 10:54:02,2017-07-15 11:24:00,1,사고 ,월드컵로 내부순환로-일반국도1호 강변북로-내부순환로램 3차로 주의운전 교통사고 -,126.902306054555,37.5638834497469
2017-07-15 10:59:30,554,2017-07-15 10:54:02,2017-07-15 18:00:00,0,공사 ,황금뜰로 무명교(남측) 신원2리농산물간이집하장 1차로 주의운전 도로공사 -,126.8090792,36.71269037
2017-07-15 11:00:00,556,2017-07-15 10:54:02,2017-07-15 18:00:00,0,공사 ,언주로 구룡터널 구룡사앞 1차로 주의운전  -,127.0582195,37.4755763
2017-07-15 11:00:30,558,2017-07-15 10:51:02,2017-07-15 11:21:00,1,사고 ,한남대로 북한남삼거리 한남오거리 2,3차로 지체 교통사고 서울청,127.005976647027,37.5354717092846
2017-07-15 11:01:00,566,2017-07-15 10:52:02,2017-07-15 11:22:00,1,사고 ,친환경로2665번길 시외버스터미널 차황 1차로 주의운전  -,127.877469062805,35.418119430542
2017-07-15 11:01:31,600,2017-07-15 10:52:02,2017-07-15 18:00:00,0,공사 ,함마대로 서마산IC 내서JC 1차로 중리역에서마재고개방향2차로 도시가스배관공사중 하수관 -,128.52267194,35.24712983
2017-07-15 11:02:01,604,2017-07-15 10:59:02,2017-07-15 11:29:00,1,사고 ,성산로147번길 성산교차로 원평교차로 2차로 타이어 펑크 차량고장 -,127.9659564,37.7733856
2017-07-15 11:02:31,609,2017-07-15 10:59:02,2017-07-15 13:00:00,0,공사 ,구산로10번길 김해IC 연지1교사거리 3차로 인도주변 제초작업중 3차로 후방 부분통제  -,128.869984834362,35.2479804659627
2017-07-15 11:03:01,613,2017-07-15 10:59:02,2017-07-15 11:29:00,1,사고 ,둔촌대로 중원구청사거리 모란시장사거리 3차로 후미 주의운행 요망 차량고장 -,127.13087153,37.42935048
2017-07-15 11:03:30,616,2017-07-15 10:59:02,2017-07-15 11:29:00,1,사고 ,연수로 국군종합병원 연미시장사거리 2차로 버스 차량고장으로 후미 20미터 서행중 차량고장 -,129.0964753,35.1734176
2017-07-15 11:04:00,619,2017-07-15 10:59:02,2017-07-15 18:00:00,0,공사 ,대암둔기로 울산T/G 사연교 1차로 주의운전 도로공사 -,129.180638760228,35.5506857333371
2017-07-15 11:04:30,627,2017-07-15 10:57:02,2017-07-15 18:00:00,0,공사 ,신갈마로 용두빌딩앞 복받는교회앞 2차로 주의운전  -,127.36823828,36.34725896
2017-07-15 11:05:00,634,2017-07-15 10:57:02,2017-07-15 11:27:00,2,기상 ,고수농공단지길 고수삼거리 덕산삼거리 1차로 주의운전 강우 -,126.687833529154,35.4179810482794
2017-07-15 11:05:30,637,2017-07-15 10:00:02,2017-07-15 11:26:00,2,통제 ,양노로 천천리 98번지방도  천천IC 2차로 도로공사로인한 차로통제 공사 -,126.8779976,37.2390583
2017-07-15 11:06:00,645,2017-07-15 10:56:02,2017-07-15 18:00:00,0,공사 ,여의대방로 성남고교입구 해군회관앞 3차로 주의운전  -,126.92240171,37.50510687
2017-07-15 11:06:30,672,2017-07-15 10:55:02,2017-07-15 11:25:00,2,기상 ,고인돌대로 고창경찰서 성두삼거리 1차로 고창군  호우주의보 발령에 따른 주의 및 안전운전 강우 -,126.69441368534,35.4448039819329
2017-07-15 11:07:00,676,2017-07-15 11:05:02,2017-07-15 11:35:00,1,사고 ,수정로 중앙시장사거리 수진제2공영주차장앞 2차로 주의운전 차량고장 -,127.1320262,37.4405709
2017-07-15 11:07:30,681,2017-07-15 11:05:02,2017-07-15 18:00:00,0,공사 ,하저자안로 CU앞교차로 하저자안로3 1차로 주의운전 도로공사 -,126.868137942738,37.1819535800563
2017-07-15 11:08:00,684,2017-07-15 11:04:02,2017-07-15 11:34:00,1,사고 ,계백로 서대전공원입구 서대전네거리 3,4차로 후미지체. 교통사고 승용차간 추돌,127.410225984381,36.3217256478095
2017-07-15 11:08:30,688,2017-07-15 11:04:02,2017-07-15 11:34:00,1,사고 ,남해안대로 고성교북측 외우산마을앞 1차로 주의운전 교통사고 -,128.329235,34.9948544
2017-07-15 11:09:00,690,2017-07-15 11:03:02,2017-07-15 18:00:00,0,공사 ,만안로 비산고가교 안양주공그린빌입구 1차로 주의운전  -,126.92632475774,37.3973446226239
2017-07-15 11:09:30,693,2017-07-15 11:02:02,2017-07-15 18:00:00,0,공사 ,계룡로 큰마을네거리 갈마삼거리 2차로 지,정체  -,127.372498214601,36.3510232560093
2017-07-15 11:10:00,694,2017-07-15 11:03:02,2017-07-15 18:00:00,0,공사 ,침산로 침산네거리 북침산네거리 2차로 주의운전  -,128.59043035,35.89013512
2017-07-15 11:10:30,699,2017-07-15 10:55:02,2017-07-15 11:25:00,1,사고 ,능허대로 송도IC 연수분기점남측 1차로 주의운전 차량고장 -,126.65779977,37.4043934
2017-07-15 11:12:01,741,2017-07-15 11:09:02,2017-07-15 13:39:00,2,통제 ,중앙로 중앙로타리 중앙파출소앞교차로 1차로 건물내 화재  -,127.72653985982,37.8795785707921
2017-07-15 11:12:31,745,2017-07-15 11:10:02,2017-07-15 18:00:00,0,공사 ,자하문로 청운동사무소 효자동사무소앞 1차로 경복궁 에서 세검정방향 옥인로타리부근 하위1차로 공사중으로 주의운전 요망  도로공사 -,126.9708871,37.58169
2017-07-15 11:13:01,749,2017-07-15 11:07:02,2017-07-15 18:00:00,0,공사 ,경의로 한양수자인앞교차로 와동교차로후방 1차로 공사로 전방주의운전  도로공사 -,126.7588883,37.7354608
2017-07-15 11:13:30,755,2017-07-15 11:07:02,2017-07-15 18:00:00,0,공사 ,만안로 안양삼익아파트입구 기아 1차로 주의운전  -,126.932617991032,37.3903831431707
2017-07-15 11:14:01,758,2017-07-15 11:06:02,2017-07-15 18:00:00,0,공사 ,도일로 정왕역 달월사거리 1차로 전방상황 도로공사 -,126.783969598871,37.3373561067851
2017-07-15 11:14:30,762,2017-07-15 11:06:02,2017-07-15 18:00:00,0,공사 ,관호6길 구미시  관호오거리 1차로 주의운전 도로공사 -,128.387342172754,36.0070947617663
2017-07-15 11:15:01,769,2017-07-15 11:05:02,2017-07-15 16:30:00,0,공사 ,광치령로 북면교차로 신천교 1차로 산사태방지공사 유지보수 -,128.181893,38.1118324
2017-07-15 11:15:31,773,2017-07-15 11:06:02,2017-07-15 11:36:00,1,사고 ,아시아드대로255번가길 만덕터널입구 미남교차로 5차로 주의운전 교통사고 -,129.06702128754,35.2086983513193
2017-07-15 11:16:01,777,2017-07-15 11:06:02,2017-07-15 18:00:00,0,공사 ,낙동남로 녹산교차로앞 삼거리낚시앞 1차로 주의운전 시설물 -,128.888055,35.1155293
2017-07-15 11:17:00,808,2017-07-15 11:14:02,2017-07-15 11:44:00,1,사고 ,봉화로 참샘길앞교차로 수산시장사거리 1차로 주의운전 교통사고 -,127.5181507,34.9581276
2017-07-15 11:17:30,818,2017-07-15 11:14:02,2017-07-15 11:44:00,1,사고 ,월드컵북로 증산로_월드컵북로_진입 종암교(동측) 1차로 주의운전 교통사고 -,126.8990785,37.5731168
2017-07-15 11:18:00,828,2017-07-15 11:13:02,2017-07-15 11:43:00,1,사고 ,공항대로 양화교_일반국도6호선_ 양화교_일반국도6호선_ 1차로 주의운전 교통사고 -,126.8789105,37.5473923
2017-07-15 11:18:31,832,2017-07-15 11:12:02,2017-07-15 18:00:00,0,공사 ,방어진순환도로 수질개선사업소 주전로타리 1차로 주의운전  -,129.451918541956,35.5448149738937
2017-07-15 11:19:01,835,2017-07-15 11:11:02,2017-07-15 18:00:00,0,공사 ,중앙로 소탐사거리 음암 1차로 주의운전  -,126.4970991,36.7534948
2017-07-15 11:19:31,838,2017-07-15 11:11:02,2017-07-15 18:00:00,0,공사 ,침산로 남침산네거리 한라스카이빌101동앞 3차로 주의운전  -,128.59057184,35.8845194
2017-07-15 11:20:00,845,2017-07-15 11:11:02,2017-07-15 18:00:00,0,공사 ,반포대로22길 교대역사거리 남부터미널 3차로 주의운전  -,127.01376704,37.49131649
2017-07-15 11:20:30,850,2017-07-15 11:11:02,2017-07-15 11:41:00,1,사고 ,금상로 이건빌딩앞 상대원시장앞 1차로 후미 주의운행 차량고장 -,127.16314933,37.44094349
2017-07-15 11:21:00,860,2017-07-15 11:11:02,2017-07-15 18:00:00,0,공사 ,보문로 진흥빌딩 대광고교앞 1차로 주의운전 도로공사 -,127.020842,37.5826273
2017-07-15 11:22:30,895,2017-07-15 11:18:02,2017-07-15 11:48:00,1,사고 ,살곶이길 내부순환로-동부간선도 동부간선도로-강변북로 1차로 주의운전 차량고장 -,127.0397627,37.55073889
2017-07-15 11:23:00,900,2017-07-15 11:16:02,2017-07-15 18:00:00,0,공사 ,수암로 신여천사거리 변전소사거리 1차로 주의운전  -,129.335416448792,35.5218242907735
2017-07-15 11:23:30,904,2017-07-15 11:15:02,2017-07-15 18:00:00,0,공사 ,의창대로 대복집앞 남산철교밑삼거리 1차로 후미 40미터정체  -,128.658327382133,35.2701668407543
2017-07-15 11:27:30,956,2017-07-15 11:22:02,2017-07-15 11:52:00,1,사고 ,동호로 약수고가차도(북측) 약수역 1차로 주의운전 교통사고 -,127.010057,37.5556963
2017-07-15 11:28:00,961,2017-07-15 11:21:02,2017-07-15 18:00:00,0,공사 ,하신번영로350번길 세양리버빌라트 하단2동사무소 1차로 주의운전 도로공사 -,128.9601212,35.1120471
2017-07-15 11:28:30,965,2017-07-15 11:21:02,2017-07-15 18:00:00,0,공사 ,첨단로 신광 안산시환경사업소앞 1차로 주의운전  -,126.753079911857,37.3036962610291
2017-07-15 11:29:00,968,2017-07-15 11:19:02,2017-07-15 18:00:00,0,공사 ,월성로22안길 (주)대철앞 남대구IC입구 1차로 주의운전  -,128.522259033372,35.8306499105843
2017-07-15 11:37:00,6,2017-07-15 11:28:02,2017-07-15 11:58:00,1,사고 ,강남대로 신사역 한남대교남단 5차로 (버스) 고장 차량 서울청,127.019128945057,37.5176204859357
2017-07-15 11:37:30,9,2017-07-15 11:32:02,2017-07-15 18:00:00,0,공사 ,도산로 가장교 가장사거리 1차로 주의운전 도로공사 -,127.3845654,36.3313792
2017-07-15 11:38:00,15,2017-07-15 11:30:02,2017-07-15 14:00:00,0,공사 ,동대구로 궁전삼거리 어린이회관삼걸 4차로 신호등공사 중으로 후미차량 주의요망 유지보수 -,128.62485845,35.84994599
2017-07-15 11:38:31,21,2017-07-15 11:29:02,2017-07-15 13:00:00,0,공사 ,상무대로 볼보전시장 쌍촌역 3차로 주의운전 도로공사 -,126.862277893293,35.1510699349223
2017-07-15 11:42:30,71,2017-07-15 11:37:02,2017-07-15 12:07:00,1,사고 ,월드컵북로 상암사거리 월드컵북로_증산로_진입 1차로 주의운전 교통사고 -,126.8985974,37.5735168
2017-07-15 11:43:00,75,2017-07-15 11:32:02,2017-07-15 12:02:00,2,기상 ,완주로 가목마을앞 봉동삼거리 1차로 노면 미끄러움 서행바람 강우 -,127.168196777367,35.9210842933692
2017-07-15 11:47:00,115,2017-07-15 11:45:02,2017-07-15 12:15:00,1,사고 ,춘향로 죽림온천역 신리삼거리 1차로 주의운전 교통사고 -,127.2152745,35.7636658
2017-07-15 11:47:30,119,2017-07-15 11:42:02,2017-07-15 18:00:00,0,공사 ,승지로69번길 시흥경찰서 능곡동 1차로 주의운전 도로공사 -,126.809908881939,37.3699396816626
2017-07-15 11:48:00,121,2017-07-15 11:42:02,2017-07-15 18:00:00,0,공사 ,노해로 주공아파트19단지1905동 녹천교(서단) 1차로 주의운전 도로공사 -,127.0535661,37.652912
2017-07-15 11:48:30,125,2017-07-15 11:41:02,2017-07-15 12:11:00,1,사고 ,통일로12길 독립문사거리 독립문역 1차로 주의운전 교통사고 -,126.95962705,37.57285928
2017-07-15 11:49:00,127,2017-07-15 11:39:02,2017-07-15 18:00:00,0,공사 ,현대로 산양교 온양도자기 1차로 주의운전 도로공사 -,126.9076699,36.8274336
2017-07-15 11:57:30,215,2017-07-15 11:48:02,2017-07-15 15:00:00,0,공사 ,봉래나루로 봉래아파트 부산대교(북측) 1차로 호텔신축공사 후방10미터 정체 안전운행   -,129.0390798,35.0946002
2017-07-15 12:02:00,274,2017-07-15 11:33:02,2017-07-15 12:28:00,1,사고 ,신천대로 경대교서단2 도청교남단 2차로 레미콘, 승용차 관련 사고 교통사고 뒤로 지정체,128.598613217314,35.8884883660792
2017-07-15 12:02:30,279,2017-07-15 11:59:02,2017-07-15 18:00:00,0,공사 ,제물량로241번길 파라다이스 화교촌사거리 1차로 주의운전 시설물 -,126.6168585,37.4736076
2017-07-15 12:03:00,286,2017-07-15 11:58:02,2017-07-15 13:00:00,0,공사 ,문화원로 궁동네거리 궁동2교앞 5차로 주의운전  -,127.33861293,36.36393463
2017-07-15 12:03:30,291,2017-07-15 11:54:02,2017-07-15 18:00:00,0,공사 ,번영로 도장터널 소방서사거리  1차로 주의운전  -,126.9333357,37.3585927
2017-07-15 12:07:01,344,2017-07-15 12:04:02,2017-07-15 12:34:00,1,사고 ,주생내동길 남원분기점 남원터널(동쪽) 1차로 주의운전 교통사고 -,127.27393879,35.38582851
2017-07-15 12:07:31,348,2017-07-15 12:02:02,2017-07-15 18:00:00,0,공사 ,업성2길 경찰서삼거리2 2산업공단(남측) 1차로 주의운전 시설물 -,127.1318181,36.8552835
2017-07-15 12:27:00,565,2017-07-15 12:22:02,2017-07-15 12:52:00,1,사고 ,동부간선도로 월계1교 녹천교 2차로 지체 교통사고 서울청,127.055574849276,37.6495778676242
2017-07-15 12:27:30,567,2017-07-15 12:23:02,2017-07-15 15:30:00,1,사고 ,논현로 봉암빌딩 CHA 여성의학연구소 3차로 싱크홀  -,127.033985,37.507459
2017-07-15 12:28:00,572,2017-07-15 12:22:02,2017-07-15 18:00:00,0,공사 ,팔달로 인지초등 만평네거리 1차로 주의운전  -,128.56335676,35.88936623
2017-07-15 12:28:30,576,2017-07-15 12:21:02,2017-07-15 12:51:00,1,사고 ,올림픽대로 한강대교 동작대교 1차로 지체 교통사고 서울청,126.966888209229,37.5089380183628
2017-07-15 12:37:01,664,2017-07-15 12:35:02,2017-07-15 13:05:00,1,사고 ,용구대로2469번길 동아고가도로앞 보정교차로 1차로 주의운전 차량고장 -,127.1057112,37.3087122
2017-07-15 12:37:30,665,2017-07-15 12:31:02,2017-07-15 13:01:00,1,사고 ,강변북로 서강대교 마포대교 2차로 지체 교통사고 서울청,126.938432463532,37.5402325080198
2017-07-15 12:38:00,670,2017-07-15 12:31:02,2017-07-15 18:01:00,2,통제 ,대청로 트루젠 앞 도로 미문화원 1차로 용두산공원 차량증가로 교통통제  -,129.03157916,35.10280155
2017-07-15 12:38:30,674,2017-07-15 12:31:02,2017-07-15 13:01:00,2,행사 ,천안대로 현대산업앞 수헐교차로 1차로 주의운전  -,127.1417727,36.8879881
2017-07-15 12:47:00,790,2017-07-15 12:44:02,2017-07-15 13:14:00,1,사고 ,용봉로 정원식당 지수IC입구 1차로 주의운전 차량고장 -,128.2683036,35.2298828
2017-07-15 12:47:30,792,2017-07-15 12:38:02,2017-07-15 18:00:00,0,공사 ,용황로10길 나원입구 사방교1 1차로 정체없음  도로공사 -,129.2302136,35.884301
2017-07-15 12:52:00,840,2017-07-15 12:50:02,2017-07-15 13:20:00,1,사고 ,덕릉로70길 동부간선도로-월계로램 마들지하차도(남측) 2차로 주의운전 차량고장 -,127.0573774,37.6401031
2017-07-15 12:57:00,900,2017-07-15 12:53:02,2017-07-15 13:23:00,1,사고 ,남부순환로 서울대입구역 관악구청 1차로 주의운전 차량고장 -,126.952704828711,37.4813115800067
2017-07-15 12:57:30,901,2017-07-15 12:52:02,2017-07-15 13:22:00,1,사고 ,관악로 봉천로사거리 서울대입구역 1차로 주의운전 차량고장 -,126.952847844251,37.4816597061164
2017-07-15 13:07:30,1017,2017-07-15 13:01:02,2017-07-15 13:31:00,1,사고 ,일원로 영희초교 삼성의료원앞 1차로 주의운전 교통사고 -,127.0816078,37.4892977
2017-07-15 13:08:00,1022,2017-07-15 13:00:02,2017-07-15 18:00:00,0,공사 ,신암로 범곡교차로 범천2동사무소 1차로 주의운전 도로공사 -,129.056295320472,35.1421829134977
2017-07-15 13:12:00,1062,2017-07-15 13:10:02,2017-07-15 13:40:00,1,사고 ,남부순환로105길 가산치안센터 공단오거리 1차로 주의운전 교통사고 -,126.888169147333,37.4802449950858
2017-07-15 13:12:30,1067,2017-07-15 13:04:02,2017-07-15 18:00:00,0,공사 ,밀양대로 삼양사 밀양시청 3차로 주의운전 도로공사 -,128.7493652,35.5029646
2017-07-15 13:22:01,1185,2017-07-15 13:17:02,2017-07-15 13:47:00,1,사고 ,서오릉로 녹번초교 서운빌딩 1차로 주의운전 교통사고 -,126.9256908,37.603205
2017-07-15 13:22:31,1187,2017-07-15 13:14:02,2017-07-15 18:00:00,0,공사 ,방어진순환도로 동해복집 일산해수욕장사거리 2차로 차량정체10m  -,129.427794346732,35.4977132127746
2017-07-15 13:27:01,1247,2017-07-15 13:22:02,2017-07-15 13:52:00,1,사고 ,연서로 연신초교삼거리 메뚜기다리앞 1차로 주의운전 교통사고 -,126.9290624,37.6263468
2017-07-15 13:27:31,1249,2017-07-15 13:20:02,2017-07-15 18:00:00,0,공사 ,뒷방울길 마유로 정왕공설묘지입구 3차로 주의운전 도로공사 -,126.761947134628,37.3703895695856
2017-07-15 13:37:01,1355,2017-07-15 13:34:02,2017-07-15 14:04:00,1,사고 ,안지랑로 대덕네거리1 상신로즈하이츠 1차로 주의운전 교통사고 -,128.5713693,35.8338169
2017-07-15 13:37:31,1357,2017-07-15 13:32:02,2017-07-15 16:00:00,0,공사 ,청수로 황금고가차도 대구성동초등교입구 2차로 오수관공사로 후미차량 주의요망  -,128.63374361,35.84060969
2017-07-15 13:38:01,1365,2017-07-15 13:32:02,2017-07-15 18:00:00,0,공사 ,수도로 소방서사거리 복개천 1차로 주의운전  -,126.76912653,37.5129872
2017-07-15 13:38:30,1371,2017-07-15 13:32:02,2017-07-15 14:02:00,2,행사 ,세종대로 세종로사거리 세종로사거리_태평로_진 1차로 주의운전 집회 -,126.9770776,37.5697759
2017-07-15 13:39:00,1373,2017-07-15 13:29:02,2017-07-15 13:59:00,1,사고 ,강변북로 양화대교 서강대교 3차로 지체 교통사고 서울청,126.911243870326,37.5435165894128
2017-07-15 13:39:30,1375,2017-07-15 13:30:02,2017-07-15 18:00:00,0,공사 ,낙동대로 동아대하단캠퍼스 동산삼거리 1차로 주의운전 도로공사 -,128.9626997,35.1141612
2017-07-15 13:42:00,1424,2017-07-15 13:38:02,2017-07-15 14:08:00,1,사고 ,별양로 문원동사무소 갈현삼거리 5차로 후미차량사고위험  차량화재 -,126.9992648,37.4274998
2017-07-15 13:42:30,1428,2017-07-15 13:38:02,2017-07-15 18:00:00,0,공사 ,사상로 심이태소아과의원앞 서부터미널 1차로 주의운전 도로공사 -,128.982616201832,35.1631314712695
2017-07-15 13:43:00,1432,2017-07-15 13:37:02,2017-07-15 15:00:00,0,공사 ,북촌길 삼성서비스센터 상무역 2차로 주의운전  -,126.848657956609,35.1454466000654
2017-07-15 13:43:30,1437,2017-07-15 13:37:02,2017-07-15 14:07:00,1,사고 ,시흥대로 백산주유소 운형빌딩 1차로 주의운전 차량고장 -,126.9023785,37.4498804
2017-07-15 13:44:00,1440,2017-07-15 13:37:02,2017-07-15 14:07:00,2,행사 ,봉월로151번길 태화관광 강남학원 1차로 주의운전 행사 -,129.3073166,35.5485709
2017-07-15 13:44:30,1443,2017-07-15 13:35:02,2017-07-15 14:05:00,2,기상 ,수도로 약대공원2 수돗길사거리 1차로 강우로 인하여 주의운전 요망 강우 -,126.76910376,37.5129384
2017-07-15 13:57:30,131,2017-07-15 13:55:02,2017-07-15 14:25:00,1,사고 ,목동서로 세신프라자 오목공원 1차로 주의운전 차량고장 -,126.8711578,37.5301449
2017-07-15 13:58:00,135,2017-07-15 13:54:02,2017-07-15 18:00:00,0,공사 ,책향기로 경남아파트앞 우남아파트앞 1차로 공사로 전방운전주의  도로공사 -,126.7189833,37.7201005
2017-07-15 13:58:30,139,2017-07-15 13:52:02,2017-07-15 14:22:00,1,사고 ,국회대로 카톨릭스포츠센터 홍익병원앞_제물포길_진 1차로 주의운전 교통사고 -,126.86494182,37.53001795
2017-07-15 14:02:00,49,2017-07-15 13:58:02,2017-07-15 14:28:00,1,사고 ,벌모루길 백운파출소앞교차로 의왕어린이집 1,2차로 지체  -,126.988171150677,37.3924569093239
2017-07-15 14:07:00,100,2017-07-15 14:05:02,2017-07-15 14:35:00,1,사고 ,하남대로 아파트상가 싱싱청과부식 1차로 주의운전 차량고장 -,126.8179668,35.1791991
2017-07-15 14:07:30,106,2017-07-15 14:04:02,2017-07-15 18:00:00,0,공사 ,아암대로 인천항지하차도 인천항지하차도 1차로 주의운전 시설물 -,126.631874,37.4604908
2017-07-15 14:08:00,110,2017-07-15 14:03:02,2017-07-15 14:33:00,1,사고 ,사천대로 덕곡마을앞2 용현2교 1차로 주의운전 교통사고 -,128.05447709778,35.00439994849
2017-07-15 14:08:30,113,2017-07-15 14:01:02,2017-07-15 14:31:00,1,사고 ,한밭대로 영진로얄삼거리 오정사거리 4차로 후미 밀림 교통사고 이륜차 관련 추돌,127.415732866109,36.3587169211077
2017-07-15 14:09:00,121,2017-07-15 13:59:02,2017-07-15 18:00:00,0,공사 ,서초중앙로 교대역사거리 법원후문 2차로 주의운전  -,127.0127098,37.49489316
2017-07-15 14:12:01,154,2017-07-15 14:06:02,2017-07-15 14:36:00,1,사고 ,포은대로 풍덕천사거리 수지출장소사거리 1차로 주의운전 교통사고 -,127.1002543,37.3226726
2017-07-15 14:12:30,159,2017-07-15 14:05:02,2017-07-15 14:35:00,2,기상 ,정자로42번길 천천2공원 천일초교입구 1차로 주의운전 강우 -,126.979492631119,37.2973983326043
2017-07-15 14:13:00,167,2017-07-15 14:05:02,2017-07-15 14:15:00,2,행사 ,태종로 영도대교 옛시청사거리 양방향 전체차로 영도대교 도개행사 행사 -,129.03567136,35.09787666
2017-07-15 14:17:01,215,2017-07-15 14:14:02,2017-07-15 14:44:00,1,사고 ,성곡로 성곡로48번길분기 성곡치안센터입구 1차로 주의운전 차량고장 -,126.800541535356,37.5170644552885
2017-07-15 14:17:30,220,2017-07-15 14:11:02,2017-07-15 14:41:00,2,행사 ,팔등로141번길 삼산동 우리은행 번영사거리 1차로 주의운전  -,129.320715221548,35.5496530064536
2017-07-15 14:18:01,227,2017-07-15 14:11:02,2017-07-15 18:00:00,0,공사 ,동산로 고대병원 초지역 3차로 주의운전 도로공사 -,126.809228543157,37.3204066562582
2017-07-15 14:22:30,280,2017-07-15 14:16:02,2017-07-15 14:46:00,1,사고 ,동촌로 국도4호선-화랑로진출입 용계삼거리 3차로 덤프트럭 고장으로 후미 20m 정체 주의운행 차량고장 -,128.68226913,35.87603173
2017-07-15 14:37:31,449,2017-07-15 14:30:02,2017-07-15 15:00:00,1,사고 ,신천대로 수성교네거리 수성지하차도 2차로 뒤로 지체  고장 차량 .,128.607116628304,35.8599335687921
2017-07-15 14:38:01,458,2017-07-15 14:31:02,2017-07-15 18:00:00,0,공사 ,평화로 법흥삼거리 도래미미디어3거리 1차로 공사로 전방주의운전  도로공사 -,126.7090474,37.7780913
2017-07-15 14:38:30,463,2017-07-15 18:00:02,2017-07-15 18:00:00,0,공사 ,순환남로 주산 백산 1차로 도로굴착작업으로 차선변경 도로공사 -,126.7343011,35.6977672
2017-07-15 14:39:00,465,2017-07-15 18:00:02,2017-07-15 18:00:00,0,공사 ,순환남로 주산 백산 1차로 도로굴착작업으로 차선변경 도로공사 -,126.7355965,35.6986584
2017-07-15 14:42:00,507,2017-07-15 14:36:02,2017-07-15 15:06:00,1,사고 ,봉선로 밴디자인 COLOR 1차로 주의운전 교통사고 -,126.917833,35.1221085
2017-07-15 14:42:30,511,2017-07-15 14:34:02,2017-07-15 16:00:00,2,행사 ,성남대로 모란삼거리 모란시장사거리 1차로 집회관련주의 요망 집회 -,127.12921861,37.43026186
2017-07-15 14:43:00,514,2017-07-15 14:30:02,2017-07-15 18:00:00,0,공사 ,번영로 스포츠파크서쪽사거리 하장교차로 진행방향 전체차로 갓길도로공사로인한 1개차로 차량서행필요 도로공사 -,126.7383433,35.7271019
2017-07-15 14:43:30,517,2017-07-15 14:33:02,2017-07-15 18:00:00,0,공사 ,양지로240번길 두산위브아파트 백소교 1차로 주의운전  -,127.19479689,37.69827708
2017-07-15 14:47:00,564,2017-07-15 14:44:02,2017-07-15 15:14:00,1,사고 ,학의로 안양중앙교회 학운공원 1차로 주의운전 차량고장 -,126.9442198,37.3962445
2017-07-15 14:47:30,3,2017-07-15 14:42:02,2017-07-15 18:00:00,0,공사 ,한누리대로 세종시청(예정) 행정중심복합도시3-2생활권 1차로 주의운전 도로공사 -,127.286387546545,36.4776994573551
2017-07-15 14:48:00,5,2017-07-15 14:40:02,2017-07-15 18:00:00,0,공사 ,천호대로 광장사거리 삼정물산 1차로 주의운전  -,127.103427733317,37.5454574788564
2017-07-15 14:52:01,48,2017-07-15 14:46:02,2017-07-15 15:16:00,1,사고 ,중앙대로 광무교 범천교차로 3차로 버스 교통사고로 인한 차량정체 교통사고 -,129.0592234,35.1479204
2017-07-15 14:52:31,51,2017-07-15 14:44:02,2017-07-15 18:00:00,0,공사 ,역동로 산곡JC북측(본선) 마장JC북측(제2중부선 연결로) 1차로 주의운전 도로공사 -,127.24983314,37.40421411
2017-07-15 14:57:30,108,2017-07-15 14:53:02,2017-07-15 15:23:00,1,사고 ,국회대로 목동청소년수련원 목동현대백화점 1차로 주의운전 교통사고 -,126.84189818,37.52646919
2017-07-15 14:58:00,112,2017-07-15 14:52:02,2017-07-15 18:00:00,0,공사 ,관호10길 구미 성주 1차로 구미에서 성주방면 관호오거리지점 도로공사 도로공사 -,128.3894861,36.006034
2017-07-15 14:58:30,116,2017-07-15 14:52:02,2017-07-15 15:22:00,1,사고 ,한밭대로 월평네거리 풍신빌딩앞 3차로 후미 주의 교통사고 승용차간 추돌,127.363396441493,36.3584992513351
2017-07-15 14:59:00,118,2017-07-15 14:52:02,2017-07-15 15:22:00,1,사고 ,남해고속도로 IC전앞 순천IC진출 1차로 주의운전 교통사고 -,127.5167306,34.9834278
2017-07-15 14:59:30,121,2017-07-15 14:52:02,2017-07-15 18:00:00,0,공사 ,솔샘로 SK보현마을 미아동소방소앞 1차로 주의운전  -,127.0126158,37.6203273
2017-07-15 15:00:00,127,2017-07-15 14:51:02,2017-07-15 15:21:00,1,사고 ,관악대로 부림동삼거리 농협앞삼거리 1차로 주의운전 교통사고 -,126.9677812,37.4046017
2017-07-15 15:02:00,163,2017-07-15 14:55:02,2017-07-15 15:25:00,1,사고 ,중앙대로 범내골교차로 서면교차로 1차로 차량접촉사고 지체서행 교통사고 -,129.0587736,35.1471544
2017-07-15 15:02:30,166,2017-07-15 14:55:02,2017-07-15 18:00:00,0,공사 ,달서로 새길시장입구 구대영학원 3차로 주의운전  -,128.571002899036,35.8650091168471
2017-07-15 15:12:01,281,2017-07-15 15:08:02,2017-07-15 15:38:00,1,사고 ,사직로 사직터널內 성산대교 3차로 후미정체 교통사고 서울청,126.963880713526,37.5725047921827
2017-07-15 15:12:31,284,2017-07-15 15:09:02,2017-07-15 15:39:00,1,사고 ,목동서로 SBS앞 현대백화점 1차로 주의운전 교통사고 -,126.8712524,37.5300655
2017-07-15 15:13:01,292,2017-07-15 15:05:02,2017-07-15 18:00:00,0,공사 ,현해로 신정마을전앞 삼삼전앞 1차로 도로 확장 공사 구간으로 차량 서행 요망 도로공사 -,126.358618162894,35.0632185636662
2017-07-15 15:13:31,295,2017-07-15 15:05:02,2017-07-15 18:00:00,0,공사 ,고양대로 동산삼거리 용사촌앞 1차로 주의운전 도로공사 -,126.90251982464,37.6470804000959
2017-07-15 15:14:01,298,2017-07-15 15:33:02,2017-07-15 15:33:00,1,사고 ,성산로 금화터널內 성산대교 1차로 후미정체 교통사고 서울청,126.949488911201,37.5692210429333
2017-07-15 15:22:01,401,2017-07-15 15:19:02,2017-07-15 15:49:00,1,사고 ,자성로 자성대고가교(동측) 범일전화국앞 1차로 주의운전 교통사고 -,129.061770681663,35.1354858219594
2017-07-15 15:22:31,402,2017-07-15 15:19:02,2017-07-15 18:00:00,0,공사 ,장흥대로 용산삼거리 덕제리전앞 1차로 주의운전 도로공사 -,126.901642202075,34.630368546954
2017-07-15 15:23:01,405,2017-07-15 15:17:02,2017-07-15 15:47:00,2,통제 ,포은대로 풍덕천사거리 수지출장소사거리 1차로 주의운전 공사 -,127.102391,37.3240434
2017-07-15 15:23:31,409,2017-07-15 15:16:02,2017-07-15 18:00:00,0,공사 ,삼흥로501번길 남송IC 램프 남송IC 램프 1차로 주의운전 도로공사 -,129.36896736,36.10101345
2017-07-15 15:24:01,413,2017-07-15 15:15:02,2017-07-15 15:45:00,1,사고 ,청군로 군내사거리 한내사거리 1차로 안전운전, 접촉 교통사고로 인해 후방 100미터 지체  교통사고 -,127.208705466284,37.8898678820033
2017-07-15 15:27:00,456,2017-07-15 15:24:02,2017-07-15 15:54:00,1,사고 ,벚꽃로 서해안고속국도 서부간선도로램프(1) 1차로 주의운전 차량고장 -,126.8908246,37.46124
2017-07-15 15:27:30,458,2017-07-15 15:22:02,2017-07-15 15:52:00,1,사고 ,관곡로 수원tg 신갈오거리 1차로 주의운전 차량고장 -,127.1132935,37.2801754
2017-07-15 15:28:00,462,2017-07-15 15:22:02,2017-07-15 15:52:00,1,사고 ,사직로8길 일반국도48호선-매동길 매동길-일반국도48호선 1차로 주의운전 교통사고 -,126.96958377,37.57595547
2017-07-15 15:28:30,466,2017-07-15 15:21:02,2017-07-15 18:00:00,0,공사 ,아암대로 현대아이파크109 인하대병원거리 1차로 주의운전  -,126.6350425,37.4564144
2017-07-15 15:32:00,517,2017-07-15 15:26:02,2017-07-15 15:56:00,1,사고 ,중앙로 KT프라자평택지점앞 평태여중사거리 2차로 주의운전 차량고장 -,127.1010452,36.9921916
2017-07-15 15:32:30,520,2017-07-15 15:26:02,2017-07-15 18:00:00,0,공사 ,새천년대로 한동한정식 장흥초교입구교차로 1차로 주의운전 시설물 -,129.3913716,36.07576278
2017-07-15 15:33:00,524,2017-07-15 15:25:02,2017-07-15 15:55:00,1,사고 ,사직로8길 일반국도48호선-매동길 매동길-일반국도48호선 1차로 주의운전 교통사고 -,126.96958265,37.57596678
2017-07-15 15:37:00,576,2017-07-15 15:33:02,2017-07-15 16:03:00,1,사고 ,올림픽대로 천호대교 암사대교 1차로 지체 고장 차량 서울청,127.124215903796,37.5538087014038
2017-07-15 15:37:30,577,2017-07-15 15:34:02,2017-07-15 16:04:00,1,사고 ,호국로 6군단 어룡3통 43국도 1차로 안전운전, 접촉 교통사고로 인해 후방 200미터 지체  교통사고 -,127.182926731224,37.8719053136259
2017-07-15 15:38:00,581,2017-07-15 15:34:02,2017-07-15 18:00:00,0,공사 ,중앙로 세무서사거리 법원사거리 1차로 신호수 2명배치 차량 유도 도로공사 -,126.5346808,33.4939937
2017-07-15 15:38:30,585,2017-07-15 15:32:02,2017-07-15 18:00:00,0,공사 ,공단로 양산IC 양산분기점 1차로 주의운전 도로공사 -,129.0430849,35.3538586
2017-07-15 15:39:00,588,2017-07-15 15:32:02,2017-07-15 18:00:00,0,공사 ,정릉로6길 국민대 도원교통 3차로 주의운전 도로공사 -,126.9951636,37.6106565
2017-07-15 15:42:01,635,2017-07-15 15:39:02,2017-07-15 16:09:00,1,사고 ,하남가작길 동은광교회 진곡나주곰탕 1차로 주의운전  -,126.7877467,35.2074986
2017-07-15 15:42:30,636,2017-07-15 15:36:02,2017-07-15 18:00:00,0,공사 ,정릉로26길 아리랑고개 사거리 아리랑고개입구  2차로 주의운전 도로공사 -,127.0133919,37.602754
2017-07-15 15:47:00,688,2017-07-15 15:44:02,2017-07-15 16:14:00,1,사고 ,가장로 가장초등학교네거리 가장사거리 1차로 주의운전 차량고장 -,127.3866137,36.3329274
2017-07-15 15:47:30,693,2017-07-15 15:41:02,2017-07-15 16:11:00,1,사고 ,올림픽대로 가양대교 방화대교 4차로 지체 교통사고 서울청,126.847665912239,37.5721608115362
2017-07-15 15:48:00,697,2017-07-15 15:38:02,2017-07-15 17:00:00,0,공사 ,필문대로 두암3거리 산수5거리  3차로 통신공사 크래인작업   -,126.9313812,35.15779
2017-07-15 15:48:30,701,2017-07-15 15:39:02,2017-07-15 18:00:00,0,공사 ,중앙로 세무서앞삼거리 제주자치경찰단 1차로 신호수1명 배치 차량 2차로로 유도 도로공사 -,126.532787,33.4954663
2017-07-15 15:52:00,749,2017-07-15 15:50:02,2017-07-15 16:20:00,1,사고 ,여좌천로 대신빌라앞교차로 성원가든옆사거리 1차로 주의운전 교통사고 -,128.658590515338,35.1656336159179
2017-07-15 15:52:30,751,2017-07-15 15:48:02,2017-07-15 16:18:00,1,사고 ,명륜로 봉산시장 남문시장네거리 1차로 주의운전 교통사고 -,128.596093,35.8600769
2017-07-15 15:53:00,755,2017-07-15 15:44:02,2017-07-15 18:00:00,0,공사 ,중앙로 KAL사거리 광양사거리 1차로 신호수1명배치, 차량유도 도로공사 -,126.5286116,33.5014574
2017-07-15 15:57:01,805,2017-07-15 15:55:02,2017-07-15 16:25:00,1,사고 ,충무로 진해야구장앞 반찬나라앞삼거리 1,2차로 주의운전 교통사고 -,128.656729145452,35.1482894551225
2017-07-15 15:57:31,807,2017-07-15 15:51:02,2017-07-15 16:21:00,1,사고 ,내부순환로 홍제램프 연희램프 3차로 지체 교통사고 서울청,126.928035269477,37.5764058773226
2017-07-15 16:02:00,863,2017-07-15 16:00:02,2017-07-15 16:30:00,1,사고 ,충장로 태백동공영주차장앞삼거리 여좌동내삼거리 1차로 주의운전 교통사고 -,128.674348299137,35.1527963978865
2017-07-15 16:02:30,867,2017-07-15 15:57:02,2017-07-15 16:27:00,1,사고 ,금강로 송동1교(남측) 자등교차로 1차로 도로에 괴일이 떨어져있어 차량지체 예상  -,127.4222436,38.2009711
2017-07-15 16:03:00,869,2017-07-15 15:55:02,2017-07-15 16:25:00,1,사고 ,월드컵대로46번길 연산교차로 신리삼거리 2차로 차량고장으로 후미상황 20미터 서행중 차량고장 -,129.0850837,35.178778
2017-07-15 16:03:31,873,2017-07-15 15:55:02,2017-07-15 18:00:00,0,공사 ,대화로 삼겹타운앞 하이트맥주대덕점 1차로 주의운전 도로공사 -,127.40640039,36.36616344
2017-07-15 16:07:00,917,2017-07-15 16:04:02,2017-07-15 16:34:00,1,사고 ,중앙대로123길 도청교 성북교서편 1차로 주의운전 교통사고 -,128.59247081,35.89212272
2017-07-15 16:07:30,919,2017-07-15 16:03:02,2017-07-15 18:00:00,0,공사 ,충렬대로 동래교차로 안락교차로 1차로 주의운전 도로공사 -,129.092405663927,35.1997986869268
2017-07-15 16:08:01,923,2017-07-15 16:01:02,2017-07-15 18:00:00,0,공사 ,하중로 미산동 시천동 2차로 상수도 공사중 서행운전요망 도로공사 -,126.8048277,37.3942422
2017-07-15 16:08:31,927,2017-07-15 16:01:02,2017-07-15 18:00:00,0,공사 ,청계천로 수표교(북단) 삼일교(북단) 1차로 주의운전 시설물 -,126.98780424275,37.5682304477572
2017-07-15 16:12:00,991,2017-07-15 16:08:02,2017-07-15 16:38:00,1,사고 ,한밭대로 갑천대교 갑천대교네거리 5차로 후미 지체. 교통사고 버스관련 추돌,127.359316239676,36.3589254479312
2017-07-15 16:12:30,997,2017-07-15 16:08:02,2017-07-15 16:38:00,2,행사 ,소성상평로 공설운동장 4가 정읍국민체육센터 1,2차로 전국 동호인당구대회 행사로 구간혼잡  -,126.8315876,35.5588448
2017-07-15 16:13:00,1004,2017-07-15 16:07:02,2017-07-15 16:37:00,1,사고 ,명륜로 남문약국 계산오거리 2차로 주의운전 교통사고 -,128.5885922,35.8649621
2017-07-15 16:13:30,1007,2017-07-15 16:05:02,2017-07-15 18:00:00,0,공사 ,하중로 계수동 과림동 양방향 전체차로 상수도관  공사중 서행운전요망  -,126.7999002,37.3995134
2017-07-15 16:14:00,1010,2017-07-15 16:05:02,2017-07-15 16:35:00,1,사고 ,염전로261번길 인천교3 인천대학교 2차로 주의운전 차량고장 -,126.67039460061,37.4749166026717
2017-07-15 16:23:10,40,2017-07-15 16:17:02,2017-07-15 16:47:00,1,사고 ,송파대로 석촌호수남(석촌사거리) 석촌역 1차로 주의운전 교통사고 -,127.1058362,37.5063389
2017-07-15 16:23:30,47,2017-07-15 16:16:02,2017-07-15 16:46:00,1,사고 ,성서서로 성서주공동편 와룡공원 2차로 주의운전 교통사고 -,128.4998154,35.8568606
2017-07-15 16:24:00,51,2017-07-15 16:16:02,2017-07-15 18:00:00,0,공사 ,삼덕길 동인초등교입구 동신지하차도 1차로 주의운전  하수도/배수로 작업 -,128.610688580012,35.8659516665806
2017-07-15 16:24:30,54,2017-07-15 16:14:02,2017-07-15 18:00:00,0,공사 ,여주남로 본두2리해촌 본두교 1차로 주의운전  -,127.5816107,37.2412273
2017-07-15 16:27:01,100,2017-07-15 16:24:02,2017-07-15 16:54:00,1,사고 ,하정로10번길 부곡동 신천교 1차로 주의운전 차량고장 -,129.105834960938,35.2647399902344
2017-07-15 16:27:31,102,2017-07-15 16:24:02,2017-07-15 16:54:00,1,사고 ,진흥로 대조.불광시장 국립보건원 1차로 주의운전 차량고장 -,126.930707427126,37.6086845955965
2017-07-15 16:28:01,106,2017-07-15 16:23:02,2017-07-15 16:53:00,1,사고 ,구일로 신구로빗물펌프장 칠성3차아파트 1차로 주의운전 교통사고 -,126.8752555,37.4912299
2017-07-15 16:29:31,122,2017-07-15 16:19:02,2017-07-15 18:00:00,0,공사 ,해맞이로 장안어린이집 좌천삼거리 1차로 주의운전 도로공사 -,129.246521835148,35.3132809577382
2017-07-15 16:37:00,218,2017-07-15 16:36:02,2017-07-15 18:06:00,1,사고 ,세종대로 세종로사거리_일반국도4 세종로사거리 1차로 축제로 세종로 정동방향  역방향 행진？우회조치    -,126.9768049,37.5705422
2017-07-15 16:37:30,220,2017-07-15 16:32:02,2017-07-15 17:02:00,1,사고 ,남부순환로105길 가산치안센터 공단오거리 1차로 주의운전 교통사고 -,126.88963735,37.47960253
2017-07-15 16:42:30,274,2017-07-15 16:39:02,2017-07-15 17:09:00,1,사고 ,대전로 대전역네거리 삼성시장삼거리 1차로 주의운전 차량고장 -,127.4317211,36.3333545
2017-07-15 16:43:00,277,2017-07-15 16:35:02,2017-07-15 17:05:00,1,사고 ,남부순환로105길 가리봉오거리 가리봉사거리 1차로 전방상황 교통사고 -,126.888756092328,37.480049682914
2017-07-15 16:47:00,323,2017-07-15 16:40:02,2017-07-15 17:10:00,1,사고 ,장승로 장수고가교 장수고가교 1차로 주의운전 차량고장 -,126.744082673451,37.4465428560612
2017-07-15 16:52:00,379,2017-07-15 16:45:02,2017-07-15 17:15:00,1,사고 ,구월로 석천사거리 국민은행구월지점 1차로 주의운전 교통사고 -,126.7124973,37.456496
2017-07-15 16:52:30,381,2017-07-15 16:43:02,2017-07-15 17:13:00,2,행사 ,해안남로 강화초지대교 강화편의점 1차로 초지대교 유출차량 증가중  -,126.5319154,37.62683
2017-07-15 17:02:30,508,2017-07-15 16:55:02,2017-07-15 17:25:00,1,사고 ,동대구로 동대구역고가차도 파티마삼거리 3차로 3차로 공사로 약간정체현상  -,128.6243152,35.882582
2017-07-15 17:07:00,572,2017-07-15 17:04:02,2017-07-15 17:34:00,1,사고 ,한류월드로 노래하는분수대뒷편 문촌18단지삼거리 2차로 차량고장 차량고장 -,126.754788665981,37.6661666303474
2017-07-15 17:07:30,573,2017-07-15 17:02:02,2017-07-15 17:32:00,1,사고 ,안양로 대동서점사거리 중앙사거리 1차로 주의운전 교통사고 -,126.920147265946,37.4003561008627
2017-07-15 17:08:00,577,2017-07-15 17:01:02,2017-07-15 18:00:00,0,공사 ,체육관로 굴포4교3거리 삼산어린이공원 3차로 주의운전  -,126.733334804332,37.5086325017135
2017-07-15 17:08:30,581,2017-07-15 16:59:02,2017-07-15 17:29:00,2,통제 ,태장로35번길 망포주유소 극동스타클래스아파트 양방향 전체차로 주의운전 공사 -,127.049988242288,37.2414741076782
2017-07-15 17:09:00,588,2017-07-15 09:00:02,2017-07-15 18:00:00,0,공사 ,대청로 청양군 청양읍 장승리 청양군 화성면 여주재 1차로 청양보령간 도로공사중 도로공사 -,126.765583380023,36.4531991324074
2017-07-15 17:12:00,634,2017-07-15 17:08:02,2017-07-15 17:38:00,1,사고 ,서오릉로4길 역촌역 녹번초교 1차로 주의운전 교통사고 -,126.9248069,37.6046973
2017-07-15 17:12:30,636,2017-07-15 17:09:02,2017-07-15 18:39:00,2,통제 ,새문안로 세종로사거리_일반국도4 세종로사거리_일반국도6 1차로 광화문에서 시청방향 축제로  통제？우회 행사 -,126.976264,37.5704377
2017-07-15 17:13:00,640,2017-07-15 17:07:02,2017-07-15 17:37:00,1,사고 ,증산로 증산빗물펌프장_일반국 마포구-은평구경계(1) 1차로 주의운전 차량고장 -,126.9026661,37.5774252
2017-07-15 17:13:30,644,2017-07-15 17:07:02,2017-07-15 18:00:00,0,공사 ,성주로 중부 성산교앞1 1차로 주의운전 도로공사 -,128.293710062589,35.9177604815998
2017-07-15 17:17:00,687,2017-07-15 17:14:02,2017-07-15 17:44:00,1,사고 ,염전로202번길 궁현사거리 인천대삼거리 3차로 주의운전 차량고장 -,126.661232091762,37.4753746046149
2017-07-15 17:17:30,691,2017-07-15 17:13:02,2017-07-15 17:43:00,1,사고 ,킨텍스로 제3주차장앞 한국국제전시장제4주차장입구 3차로 차량사고 교통사고 -,126.748829252377,37.6661308376205
2017-07-15 17:18:00,693,2017-07-15 17:09:02,2017-07-15 18:00:00,0,공사 ,밤밭고개로 경남대앞교차로 월영광장 2차로 주의운전 도로공사 -,128.5578452,35.1801911
2017-07-15 17:22:00,744,2017-07-15 17:17:02,2017-07-15 17:47:00,1,사고 ,학산로7길 대구월성초등교앞 본동교회 1차로 주의운전 차량고장 -,128.531069761767,35.8326736234287
2017-07-15 17:27:01,799,2017-07-15 17:24:02,2017-07-15 17:54:00,1,사고 ,다운로 시민가구 구삼호교북단 1차로 주의운전 교통사고 -,129.2758661,35.5556536
2017-07-15 17:27:30,805,2017-07-15 17:20:02,2017-07-15 18:00:00,0,공사 ,태극로 주차장앞2 주차장입구1 2차로 후미주의요망   -,126.751839552097,37.6636205921331
2017-07-15 17:37:01,99,2017-07-15 17:33:02,2017-07-15 18:03:00,1,사고 ,올림픽대로 한강철교 한강대교 3차로 지체 교통사고 서울청,126.954342281167,37.514708241096
2017-07-15 17:37:31,102,2017-07-15 17:20:02,2017-07-15 18:00:00,1,사고 ,삼안로 사직교 삼방사거리 2차로 차량고장 후방 부분통제 차량고장 -,128.905387052075,35.2518266727778
2017-07-15 17:38:01,104,2017-07-15 17:30:02,2017-07-15 19:30:00,2,통제 ,소공로 한국은행앞 시청광장 양방향 전체차로 통제 행사 추가내용,126.981167072583,37.5621121670691
2017-07-15 17:41:30,12,2017-07-15 17:38:02,2017-07-15 18:08:00,1,사고 ,양평로 소방파출소앞 당산역_양평로_진출_2 1차로 주의운전 차량고장 -,126.900638777884,37.534556546473
2017-07-15 17:47:31,75,2017-07-15 17:45:02,2017-07-15 18:15:00,1,사고 ,진목1길 어린이보호구역 거제경찰서 1차로 주의운전 교통사고 -,128.6864059,34.8988272
2017-07-15 17:52:00,126,2017-07-15 17:47:02,2017-07-15 18:17:00,1,사고 ,왕산로 안암교 신설동역 1,2차로 후미정체 교통사고 서울청,127.024504569723,37.5760551431024
2017-07-15 17:52:30,127,2017-07-15 17:48:02,2017-07-15 18:00:00,0,공사 ,천문로 금노사거리 주남네거리 1차로 주의운전 도로공사 -,128.93239866,35.95934557
2017-07-15 17:53:00,131,2017-07-15 17:47:02,2017-07-15 18:17:00,1,사고 ,오봉로 고려합성앞교차로 고천제3교 1차로 지체 차량고장 -,126.974559728646,37.3445865203456
2017-07-15 17:57:30,180,2017-07-15 17:52:02,2017-07-15 18:22:00,1,사고 ,드림로772번길 신공항 노오지 1차로 주의운전 차량고장 -,126.7167827,37.5713892
2017-07-15 18:07:00,281,2017-07-15 18:02:02,2017-07-15 18:32:00,1,사고 ,동부간선도로(남) 청담대교남단 봉은교 3차로 지체 교통사고 서울청,127.066412996029,37.5173654658097
2017-07-15 18:07:30,285,2017-07-15 18:03:02,2017-07-15 18:33:00,1,사고 ,광장로 아차산역 천호대로-워커힐길진출 1차로 주의운전 차량고장 -,127.098524891531,37.5471652900759
2017-07-15 18:27:00,507,2017-07-15 18:24:02,2017-07-15 18:54:00,1,사고 ,올림픽대로 방화대교 가양대교 3차로 지체 교통사고 서울청,126.841044144005,37.5757871517703
2017-07-15 18:37:00,617,2017-07-15 18:34:02,2017-07-15 19:04:00,1,사고 ,테헤란로 디오빌역삼 르네상스호텔 1차로 주의운전 교통사고 -,127.0427279,37.5026676
2017-07-15 18:37:30,621,2017-07-15 18:27:02,2017-07-15 18:57:00,2,행사 , 포항제철소앞 포항기술연구소앞 진행방향 전체차로 주의운전 행사 -,129.384196060021,36.0009705987175
2017-07-15 18:42:00,670,2017-07-15 18:38:02,2017-07-15 19:08:00,1,사고 ,광안해변로 광안대교 남천램프 남천 메가마트 1차로 주의운전 교통사고 -,129.1126234,35.1372701
2017-07-15 18:47:00,712,2017-07-15 18:41:02,2017-07-15 19:11:00,1,사고 ,월드컵로 망원우체국 성산초등교앞) 1차로 주의운전 차량고장 -,126.910859939869,37.5551254110048
2017-07-15 18:52:00,761,2017-07-15 18:48:02,2017-07-15 19:18:00,1,사고 ,번영로 와흘교차로 회천교차로 1차로 후미 50미터 차량정체 교통사고 -,126.6399226,33.4739867
2017-07-15 19:06:30,917,2017-07-15 19:00:02,2017-07-15 20:00:00,1,사고 ,남부로 당진tg 서산tg 차로 주의운전 차량고장 -,126.6800481,36.8718937
2017-07-15 19:07:00,920,2017-07-15 19:01:02,2017-07-15 19:31:00,1,사고 ,강변북로 가양대교 성산대교 2차로 주의운전 교통사고 서울청,126.877417754225,37.5679732130972
2017-07-15 19:12:01,974,2017-07-15 19:07:02,2017-07-15 19:37:00,1,사고 ,영신로 올림픽대로-노들길램프( 여의하류IC14 1차로 주의운전 차량고장 -,126.904563,37.5307762
2017-07-15 19:12:31,976,2017-07-15 19:06:02,2017-07-15 19:36:00,2,행사 ,서소문로 제일화재해상보험(주) 중앙일보사 3차로 전방상황 집회 -,126.975860595703,37.5636291503906
2017-07-15 19:27:00,1118,2017-07-15 19:22:02,2017-07-15 19:52:00,1,사고 ,선유로 양평동사거리 소방파출소앞 1차로 주의운전 교통사고 -,126.898156540584,37.5358358316084
2017-07-15 19:52:00,1389,2017-07-15 19:48:02,2017-07-15 20:18:00,1,사고 ,본두2길 여주JC서측(영동선 본선) 여주JC동측(영동선 본선) 1차로 주의운전 차량고장 -,127.58229851,37.23465214
2017-07-15 19:52:30,1396,2017-07-15 19:47:02,2017-07-15 20:17:00,2,통제 ,엄상동길 유니유치원 신한파워텍 1차로 주의운전  -,127.0709263,37.8301608
2017-07-15 19:57:00,1435,2017-07-15 19:50:02,2017-07-15 20:20:00,2,통제 ,평화로 롯데마트입구 덕계고등학교앞 1차로 주의운전  -,127.0506629,37.824439
2017-07-15 20:12:00,1576,2017-07-15 20:09:02,2017-07-15 20:39:00,1,사고 ,용신로 성안고사거리 석호초교사거리 3차로 주의운전 차량고장 -,126.8467036,37.3033894
2017-07-15 20:22:00,1670,2017-07-15 20:19:02,2017-07-15 20:49:00,1,사고 ,신중로 의료보험조합 우체국 1차로 주의운전 교통사고 -,126.50876226342,33.2555362488722
2017-07-15 20:37:00,1827,2017-07-15 20:29:02,2017-07-15 20:59:00,1,사고 ,담순로 순창IC 담양IC 2차로 광주대구고속도로 광주방향 23.8k 지점 갓길 고장차량 정차중 전방주의 및 안전운행 차량고장 -,127.0757509,35.3473724
2017-07-15 20:46:39,20170715204612,2017-07-15 20:46:39,,0,공사,[중부내륙선]양평IC부근(298K) (2차로)노면포장작업중 2차로 차단  작업,127.4585,37.4907
2017-07-15 20:47:00,1936,2017-07-15 20:41:02,2017-07-15 21:11:00,1,사고 ,올림픽대로 한강대교 동작대교 4차로 지체 고장 차량 서울청,126.965652350889,37.5095485111682
2017-07-15 22:07:00,497,2017-07-15 22:03:02,2017-07-15 22:33:00,1,사고 ,마포대로 공덕오거리 마포오피스빌딩 1차로 차대 보행자 경미사고로 하위차로에 사고처리중으로 주의운전요망 교통사고 -,126.951178,37.5439452
2017-07-15 22:07:30,500,2017-07-15 22:03:02,2017-07-15 22:33:00,1,사고 ,금빛로 신구대사거리 금광삼거리 1차로 주의운전 차량고장 -,127.1674049,37.4463482
2017-07-15 22:57:00,1025,2017-07-15 22:54:02,2017-07-15 23:24:00,1,사고 ,고운로 순창IC 담양IC 1차로 주의운전 차량고장 -,127.7511836,35.5294163
2017-07-15 23:22:01,1309,2017-07-15 23:18:02,2017-07-15 23:48:00,1,사고 ,옥천로 감도리사무소 오천입구 1차로 주의운전 교통사고 -,127.579197018315,34.7363887586779
2017-07-15 23:46:35,20170715235000,2017-07-15 23:46:35,,1,사고,[경부선]천안(휴)부근(327K) (갓길) 화물차 고장처리중  고장,127.2376,36.7443
2017-07-15 23:57:13,20170715235809,2017-07-15 23:57:13,,1,사고,[영동선]군자분기점(8K) (1차로) 승용차관련 사고처리중 1차로 차단  사고,126.7672,37.3749
