0,0651CZS030
1,0651CZS040
2,0651CZS050
3,0651CZS060
4,0651CZS070
5,0652CZE010
6,0652CZE020
7,0652CZE030
8,0652CZE040
9,0652CZS010
10,0652CZS020
11,0652CZS030
12,0652CZS040
13,1000CZE010
14,1000CZE020
15,1000CZE030
16,1000CZE040
17,1000CZE050
18,1000CZE060
19,1000CZE070
20,1000CZE080
21,1000CZE090
22,1000CZE100
23,1000CZE110
24,1000CZE120
25,1000CZE130
26,1000CZE150
27,1000CZE160
28,1000CZE170
29,1000CZE180
30,1000CZE190
31,1000CZE200
32,1000CZE210
33,1000CZE220
34,1000CZE230
35,1000CZE240
36,1000CZE250
37,1000CZE260
38,1000CZE270
39,1000CZE280
40,1000CZE290
41,1000CZE300
42,1000CZE320
43,1000CZE330
44,1000CZE340
45,1000CZE350
46,1000CZE360
47,1000CZE370
48,1000CZE380
49,1000CZE390
50,1000CZS010
51,1000CZS020
52,1000CZS030
53,1000CZS040
54,1000CZS050
55,1000CZS060
56,1000CZS070
57,1000CZS080
58,1000CZS090
59,1000CZS100
60,1000CZS110
61,1000CZS120
62,1000CZS130
63,1000CZS150
64,1000CZS160
65,1000CZS170
66,1000CZS180
67,1000CZS190
68,1000CZS200
69,1000CZS210
70,1000CZS220
71,1000CZS230
72,1000CZS240
73,1000CZS250
74,1000CZS260
75,1000CZS270
76,1000CZS280
77,1000CZS290
78,1000CZS300
79,1000CZS320
80,1000CZS330
81,1000CZS340
82,1000CZS350
83,1000CZS360
84,1000CZS370
85,1000CZS380
86,1000CZS390
87,1020CZE010
88,1020CZE020
89,1020CZE030
90,1020CZE050
91,1020CZS010
92,1020CZS020
93,1020CZS030
94,1020CZS040
95,1020CZS050
96,1040CZE010
97,1040CZE020
98,1040CZE030
99,1040CZE040
100,1040CZS010
101,1040CZS020
102,1040CZS030
103,1040CZS040
104,1100CZE010
105,1100CZE020
106,1100CZE030
107,1100CZE040
108,1100CZE050
109,1100CZE060
110,1100CZE070
111,1100CZE080
112,1100CZE090
113,1100CZE100
114,1100CZE110
115,1100CZE120
116,1100CZE130
117,1100CZE140
118,1100CZE150
119,1100CZE160
120,1100CZS010
121,1100CZS020
122,1100CZS030
123,1100CZS040
124,1100CZS050
125,1100CZS060
126,1100CZS070
127,1100CZS080
128,1100CZS090
129,1100CZS100
130,1100CZS110
131,1100CZS120
132,1100CZS130
133,1100CZS140
134,1100CZS150
135,1100CZS160
136,1200CZE010
137,1200CZE020
138,1200CZE030
139,1200CZE040
140,1200CZE050
141,1200CZE070
142,1200CZE080
143,1200CZS010
144,1200CZS020
145,1200CZS030
146,1200CZS040
147,1200CZS050
148,1200CZS070
149,1200CZS080
150,1300CZE010
151,1300CZE020
152,1300CZE030
153,1300CZE040
154,1300CZE050
155,1300CZE060
156,1300CZE070
157,1300CZS010
158,1300CZS020
159,1300CZS030
160,1300CZS040
161,1300CZS050
162,1300CZS060
163,1300CZS070
164,1510CZE010
165,1510CZE020
166,1510CZE030
167,1510CZE040
168,1510CZE050
169,1510CZE060
170,1510CZS010
171,1510CZS020
172,1510CZS030
173,1510CZS040
174,1510CZS050
175,1510CZS060
176,1710CZE040
177,1710CZE050
178,1710CZE060
179,1710CZE070
180,1710CZE080
181,1710CZE090
182,1710CZE100
183,1710CZE110
184,1710CZE120
185,1710CZE130
186,1710CZE160
187,1710CZE180
188,1710CZE190
189,1710CZE200
190,1710CZE210
191,1710CZE230
192,1710CZS030
193,1710CZS040
194,1710CZS050
195,1710CZS060
196,1710CZS070
197,1710CZS080
198,1710CZS090
199,1710CZS100
200,1710CZS110
201,1710CZS120
202,1710CZS121
203,1710CZS130
204,1710CZS160
205,1710CZS180
206,1710CZS190
207,1710CZS210
208,1710CZS230
209,2510CZE010
210,2510CZE020
211,2510CZE030
212,2510CZE040
213,2510CZE050
214,2510CZE060
215,2510CZE070
216,2510CZS010
217,2510CZS020
218,2510CZS030
219,2510CZS040
220,2510CZS050
221,2510CZS060
222,2510CZS070
223,3000CZE010
224,3000CZE020
225,3000CZE030
226,3000CZS010
227,3000CZS020
228,3000CZS030
229,3010CZE010
230,3010CZE020
231,3010CZE030
232,3010CZE040
233,3010CZE050
234,3010CZE060
235,3010CZE070
236,3010CZE080
237,3010CZE090
238,3010CZS010
239,3010CZS020
240,3010CZS030
241,3010CZS040
242,3010CZS050
243,3010CZS060
244,3010CZS070
245,3010CZS080
246,3010CZS090
247,4000CZE010
248,4000CZE020
249,4000CZS010
250,4000CZS020
251,4001CZE100
252,4001CZE110
253,4001CZE120
254,4001CZE130
255,4001CZE140
256,4001CZS100
257,4001CZS110
258,4001CZS120
259,4001CZS130
260,4001CZS140
261,4002CZE010
262,4002CZE020
263,4002CZS010
264,4002CZS020
265,4510CZE010
266,4510CZE020
267,4510CZE040
268,4510CZE080
269,4510CZS010
270,4510CZS020
271,4510CZS040
272,4510CZS080
273,5510CZE005
274,5510CZE010
275,5510CZE020
276,5510CZE030
277,5510CZS005
278,5510CZS010
279,5510CZS020
280,5510CZS030
281,0010CZE500
282,0010CZS500
283,0170CZE090
284,0170CZE100
285,0170CZS090
286,0170CZS100
287,0330CZE010
288,0330CZE020
289,0330CZE030
290,0330CZE040
291,0330CZE050
292,0330CZE060
293,0330CZS010
294,0330CZS020
295,0330CZS030
296,0330CZS040
297,0330CZS050
298,0330CZS060
